acc_x_mean,acc_x_std,acc_x_min,acc_x_max,acc_x_median,acc_x_dom_freq,acc_x_dom_mag,acc_x_spectral_energy,acc_y_mean,acc_y_std,acc_y_min,acc_y_max,acc_y_median,acc_y_dom_freq,acc_y_dom_mag,acc_y_spectral_energy,acc_z_mean,acc_z_std,acc_z_min,acc_z_max,acc_z_median,acc_z_dom_freq,acc_z_dom_mag,acc_z_spectral_energy,gyro_x_mean,gyro_x_std,gyro_x_min,gyro_x_max,gyro_x_median,gyro_x_dom_freq,gyro_x_dom_mag,gyro_x_spectral_energy,gyro_y_mean,gyro_y_std,gyro_y_min,gyro_y_max,gyro_y_median,gyro_y_dom_freq,gyro_y_dom_mag,gyro_y_spectral_energy,gyro_z_mean,gyro_z_std,gyro_z_min,gyro_z_max,gyro_z_median,gyro_z_dom_freq,gyro_z_dom_mag,gyro_z_spectral_energy,acc_mag_mean,acc_mag_max,acc_mag_std,activity,person
-0.960292386,1.6922142656731451,-4.660046,4.170031,-1.15573025,0.7000000000000001,0.8271877217862822,2.3525279603408054,-0.5104019959999999,0.6124767168097396,-2.432263,2.293272,-0.514633,1.4000000000000001,0.1693201036358999,0.44788666785036474,-0.17843876549999999,1.061919815987025,-3.138685,3.250765,-0.11923949999999994,0.6000000000000001,0.44355246819207605,0.5951135890314034,0.0,0.0,0.0,0.0,0.0,0.0,0.0,0.0,0.0,0.0,0.0,0.0,0.0,0.0,0.0,0.0,0.0,0.0,0.0,0.0,0.0,0.0,0.0,0.0,2.1513549716172276,4.981348448706735,1.011283333388836,jumpingjacks,anja
-1.0053086715,1.780153549670387,-5.122523,3.449954,-1.421965,0.7000000000000001,0.916480406778762,2.5935489701145995,-0.550476145,0.556688160603295,-1.8247705,1.052187,-0.564419,1.4000000000000001,0.19816399530206114,0.4578205034915431,-0.153761422,0.8920503623025704,-4.399893,3.143119,-0.150657,0.7000000000000001,0.26910604129289806,0.42112209993751093,0.0,0.0,0.0,0.0,0.0,0.0,0.0,0.0,0.0,0.0,0.0,0.0,0.0,0.0,0.0,0.0,0.0,0.0,0.0,0.0,0.0,0.0,0.0,0.0,2.1979597714748667,5.188797522079562,0.91015138529931,jumpingjacks,anja
-1.1440241795000001,2.041107190474821,-5.430581,4.264831,-1.493452,0.7000000000000001,0.8095229175682392,3.3897757341240444,-0.808384043,0.7339534988226275,-1.939251,1.858303,-0.9247704999999999,1.5,0.28000148922427226,0.9225592983976678,-0.08795319800000001,0.6934069034312655,-2.039251,2.187569,-0.115795,0.7000000000000001,0.2024526049998853,0.24790317170092632,0.0,0.0,0.0,0.0,0.0,0.0,0.0,0.0,0.0,0.0,0.0,0.0,0.0,0.0,0.0,0.0,0.0,0.0,0.0,0.0,0.0,0.0,0.0,0.0,2.472791043937124,5.683550665023582,1.0566024196205117,jumpingjacks,anja
-1.1717707185,1.9495864239470042,-5.017126,4.689098,-1.581093,0.8,0.9112009762274597,3.2715898589248993,-0.8106565065,0.7609309885823893,-3.471973,1.716514,-0.925413,1.5,0.24230951452147095,0.9463839317787373,-0.2953376525,0.899447819976256,-2.781957,4.223134,-0.38468274999999996,0.8,0.3071861745552854,0.49133813345054944,0.0,0.0,0.0,0.0,0.0,0.0,0.0,0.0,0.0,0.0,0.0,0.0,0.0,0.0,0.0,0.0,0.0,0.0,0.0,0.0,0.0,0.0,0.0,0.0,2.5246992349783395,6.653427319928129,1.008343425631855,jumpingjacks,anja
-1.3481131105000002,2.0637302083390328,-6.0465365,4.400306,-1.632668,0.8,1.0874933877094441,3.944770886107824,-0.984878866,0.7608413974004931,-2.8674315,1.632309,-1.15696075,0.8,0.22822628753374918,1.2591513041817635,0.2218623415,0.5901627847331994,-1.179923,2.839037,0.166972,1.6,0.1423330908290275,0.22319510728076583,0.0,0.0,0.0,0.0,0.0,0.0,0.0,0.0,0.0,0.0,0.0,0.0,0.0,0.0,0.0,0.0,0.0,0.0,0.0,0.0,0.0,0.0,0.0,0.0,2.617861883462432,6.115924209865056,1.0907354298344838,jumpingjacks,anja
0.0176451555,0.09983503282195398,-0.336896,0.311009,0.011644,0.4,0.051035440527465115,0.005290221146923067,0.277818457,0.34210821614926246,-0.163914,0.901636,0.17831025,0.4,0.22639279905592782,0.1356443198037491,0.8537078705,0.31857695228272825,0.0,1.3558105,0.963303,0.4,0.19044763507695311,0.7795157056293242,0.0,0.0,0.0,0.0,0.0,0.0,0.0,0.0,0.0,0.0,0.0,0.0,0.0,0.0,0.0,0.0,0.0,0.0,0.0,0.0,0.0,0.0,0.0,0.0,1.0126154373064071,1.380246319172415,0.14021251602847115,lifting,anja
0.06788656550000001,0.09795555157933965,-0.224878,0.31896,0.06761075,0.4,0.043273414000980365,0.009401770286639462,0.3355164585,0.3861314715202426,-0.212737,0.940872,0.2627445,0.4,0.2592418840527674,0.1870458625864119,0.786765872,0.3742204029903319,0.0,1.330887,0.890879,0.4,0.22238470733604823,0.6889523580318464,0.0,0.0,0.0,0.0,0.0,0.0,0.0,0.0,0.0,0.0,0.0,0.0,0.0,0.0,0.0,0.0,0.0,0.0,0.0,0.0,0.0,0.0,0.0,0.0,1.0116792871440934,1.3535011922052376,0.15050139370195623,lifting,anja
0.005023272999999999,0.08683493118248806,-0.342202,0.212951,-0.003257,0.4,0.038740375584675746,0.003791617916932027,0.30986775150000007,0.4190805817450616,-0.252248,0.963303,0.21661350000000001,0.4,0.26970213561192546,0.18374447665114976,0.7755904755,0.44263192591104955,-0.02182,1.618402,0.9627675,0.4,0.24774470298371323,0.6994069820362668,0.0,0.0,0.0,0.0,0.0,0.0,0.0,0.0,0.0,0.0,0.0,0.0,0.0,0.0,0.0,0.0,0.0,0.0,0.0,0.0,0.0,0.0,0.0,0.0,1.0294618147948524,1.6238465090618939,0.18450023102953128,lifting,anja
0.037960545,0.09315981488768041,-0.200719,0.378395,0.016713,0.5,0.02682009969258341,0.005776041250564154,0.29005497499999994,0.41716999350416695,-0.255153,0.95922,0.185214,0.4,0.19166027025463925,0.17106027557045966,0.7674775580000001,0.4414961767704938,-0.04893,1.511728,0.869618,0.4,0.19189053139551582,0.6863843554799735,0.0,0.0,0.0,0.0,0.0,0.0,0.0,0.0,0.0,0.0,0.0,0.0,0.0,0.0,0.0,0.0,0.0,0.0,0.0,0.0,0.0,0.0,0.0,0.0,1.012233793114158,1.5287026285033332,0.20011052897666493,lifting,anja
0.0415780865,0.09645389560841129,-0.245367,0.292661,0.051789,0.5,0.04218146794067522,0.006375830993344241,0.3416846585,0.41007776727389583,-0.274205,0.960856,0.3348625,0.5,0.24307420494117823,0.2007462164926016,0.7333578015000001,0.4655816144279843,-0.045459,1.626193,0.7672785,0.5,0.2631434114177448,0.6460904306282654,0.0,0.0,0.0,0.0,0.0,0.0,0.0,0.0,0.0,0.0,0.0,0.0,0.0,0.0,0.0,0.0,0.0,0.0,0.0,0.0,0.0,0.0,0.0,0.0,1.0095598423239627,1.6446493457190199,0.21418674779521127,lifting,anja
0.027685216500000002,0.18990179574912294,-0.595612,0.45224,0.007141,0.30000000000000004,0.08785503500643092,0.01878064348501128,0.28943892600000004,0.20530758022706252,-0.0982645,0.7611085,0.2746409999999999,0.30000000000000004,0.11401211936815271,0.10482941958102611,0.9175814155,0.1737881564476506,0.0,1.40581,0.9344805,0.6000000000000001,0.04708342099693945,0.8570419690808616,0.0,0.0,0.0,0.0,0.0,0.0,0.0,0.0,0.0,0.0,0.0,0.0,0.0,0.0,0.0,0.0,0.0,0.0,0.0,0.0,0.0,0.0,0.0,0.0,1.01439670938995,1.4076352289016498,0.13561426533492765,rowing,anja
-0.015720894499999995,0.14619680124214604,-0.328853,0.482569,-0.029358,0.30000000000000004,0.06805079937253786,0.010923274348114055,0.368018794,0.20949199286579417,0.0,0.75341,0.31070325,0.30000000000000004,0.10803530367532473,0.15735944647160202,0.8987674145,0.15874532120677126,0.0,1.172477,0.918242,0.30000000000000004,0.051392393728321335,0.8203706296431874,0.0,0.0,0.0,0.0,0.0,0.0,0.0,0.0,0.0,0.0,0.0,0.0,0.0,0.0,0.0,0.0,0.0,0.0,0.0,0.0,0.0,0.0,0.0,0.0,1.0175691131603744,1.3474509040503109,0.0994970996634525,rowing,anja
-0.0297378905,0.1461606130774222,-0.458815,0.322936,-0.037484500000000004,0.30000000000000004,0.06677053028240172,0.01155522493881413,0.3590649125,0.21659937883752783,0.0,0.768609,0.31987775,0.30000000000000004,0.12638313165828205,0.15236207013627295,0.88932134,0.18228951700756754,0.0,1.263303,0.9119725,1.3,0.04119484761054389,0.8074913885854949,0.0,0.0,0.0,0.0,0.0,0.0,0.0,0.0,0.0,0.0,0.0,0.0,0.0,0.0,0.0,0.0,0.0,0.0,0.0,0.0,0.0,0.0,0.0,0.0,1.013472313644943,1.3667366694841951,0.11719067632211809,rowing,anja
-0.006261633999999995,0.16264966002103878,-0.397661,0.4097325,-0.041185,0.30000000000000004,0.08528222783865186,0.01325432509335661,0.356762283,0.2227326075484453,-0.020596,0.873502,0.28237,0.30000000000000004,0.12608666323563386,0.1520596776525888,0.902384855,0.15736262955836117,0.0,1.274312,0.9232147500000001,0.30000000000000004,0.05424539277378695,0.8266729233536343,0.0,0.0,0.0,0.0,0.0,0.0,0.0,0.0,0.0,0.0,0.0,0.0,0.0,0.0,0.0,0.0,0.0,0.0,0.0,0.0,0.0,0.0,0.0,0.0,1.0207948953841708,1.323280725420347,0.09898392133973892,rowing,anja
0.007201238499999997,0.18205073846131103,-0.41182,0.495306,-0.015948,0.30000000000000004,0.08406347245301035,0.016606532345913767,0.3564580085,0.23897818993681233,-0.146835,0.849128,0.333387,0.30000000000000004,0.12209890186717688,0.15558961904232535,0.8972103305000001,0.1638093677137721,0.0,1.3226300000000002,0.908922,0.7000000000000001,0.04677999041670797,0.8183903676756386,0.0,0.0,0.0,0.0,0.0,0.0,0.0,0.0,0.0,0.0,0.0,0.0,0.0,0.0,0.0,0.0,0.0,0.0,0.0,0.0,0.0,0.0,0.0,0.0,1.0222037189633875,1.3328700524944286,0.11709305966546153,rowing,anja
0.023204679500000002,0.2309408892347283,-0.598983,0.957079,-0.016815999999999998,1.8,0.06132461687225571,0.02717956033428848,0.29909133450000003,0.3285438715818442,-0.391636,1.545673,0.18389149999999999,0.9,0.10929537011169389,0.14337305059161679,1.0156291675,0.6760869726396935,-0.189297,3.467477,0.8539527499999999,0.9,0.3121198773686363,1.2598231604717136,0.0,0.0,0.0,0.0,0.0,0.0,0.0,0.0,0.0,0.0,0.0,0.0,0.0,0.0,0.0,0.0,0.0,0.0,0.0,0.0,0.0,0.0,0.0,0.0,1.1341404056709306,3.5555553203325707,0.691485613333161,running,anja
0.027944144999999997,0.2165490462330287,-0.569526,0.852798,0.0037155,1.8,0.06405748811710463,0.024205080674470025,0.36260749150000005,0.3986019023595376,-0.350153,1.581544,0.27571475,0.9,0.15112874959453385,0.21085161435394184,1.0231707265,0.6532693981880733,0.0,3.538127,0.81081,0.9,0.21461093931857017,1.2600618216848762,0.0,0.0,0.0,0.0,0.0,0.0,0.0,0.0,0.0,0.0,0.0,0.0,0.0,0.0,0.0,0.0,0.0,0.0,0.0,0.0,0.0,0.0,0.0,0.0,1.1585511080341326,3.672046659380297,0.699604222893266,running,anja
0.0739795,0.24766469683582434,-0.450658,1.238731,0.026407,0.9,0.04744881776259186,0.03611125981471206,0.42381091200000004,0.43130118094455866,-0.382217,1.891644,0.33165175,0.9,0.2170597358742315,0.2725331032210464,0.9637452495,0.532175269946049,-0.003723,3.001835,0.87000375,1.8,0.19560942392327113,1.070272568060317,0.0,0.0,0.0,0.0,0.0,0.0,0.0,0.0,0.0,0.0,0.0,0.0,0.0,0.0,0.0,0.0,0.0,0.0,0.0,0.0,0.0,0.0,0.0,0.0,1.1380743754294542,3.2084463435477613,0.6033372314353361,running,anja
0.08633433249999999,0.2727306261068278,-0.591239,0.998578,0.046177,0.9,0.06749345773188736,0.04461119428725829,0.426268457,0.42063747814196467,-0.264725,1.743624,0.3670945,0.9,0.1819847226280635,0.2700847766158133,0.9841874485,0.5910018469518701,-0.112125,3.201728,0.8233945,0.9,0.21812855021498964,1.1430983840689644,0.0,0.0,0.0,0.0,0.0,0.0,0.0,0.0,0.0,0.0,0.0,0.0,0.0,0.0,0.0,0.0,0.0,0.0,0.0,0.0,0.0,0.0,0.0,0.0,1.1593891580224303,3.4341256443742707,0.6653061498841676,running,anja
0.0236976285,0.23427705876369265,-0.565336,0.8059635,-0.000107,0.8,0.054652995310455636,0.027977345748533732,0.4017567945,0.323533588724924,-0.245872,1.427324,0.391942,0.8,0.09023005403641761,0.21369371671394669,0.983192274,0.5670895925407152,-0.024969,3.138226,0.801705,0.8,0.22843103094316827,1.1273278762059762,0.0,0.0,0.0,0.0,0.0,0.0,0.0,0.0,0.0,0.0,0.0,0.0,0.0,0.0,0.0,0.0,0.0,0.0,0.0,0.0,0.0,0.0,0.0,0.0,1.1285709573158418,3.3677161186479183,0.5948873918527341,running,anja
1.6967541041072818,2.400502146861932,-5.069313,7.9960475,1.6400647,1.2987012987012987,0.7930991237573692,5.757301441397684,-0.45141551038652133,2.3021425190895126,-5.6756733,6.0550604,-0.77097684,1.1988011988011988,0.93720584716483,2.8510587693111336,0.810683162703076,1.083076587145885,-2.2079859,3.95568,0.9304282587935624,1.1988011988011988,0.2968430090893679,1.243148695596744,0.02354726097688233,3.3245152134780245,-8.579602,7.7983055,0.53878313,1.2987012987012987,1.140042707471515,5.52123449580063,0.27641531412347586,2.7274941587538777,-8.085412,9.948551,0.042760566,1.1988011988011988,0.7903279199015928,3.7923017226035207,0.055602210910781436,6.587910060761804,-9.690562666666668,13.51234,-0.6786759992639999,1.1988011988011988,2.8432843829963486,21.68169248931801,3.5101232198983623,9.777759314013188,1.9093813777711923,jumpingjacks,arne
1.2192969935992375,1.8589008215087177,-3.414605,7.960781300000001,1.2996049,1.1988011988011988,0.6188478418736422,3.2127152606010303,-0.06946426319157245,2.2184762301862766,-4.6858993,6.2301712,-0.31519994,1.1988011988011988,0.9344871647474465,2.463185315779586,0.5742996745601092,0.9724657633310325,-3.0757314,4.8203745,0.6222086874999999,1.1988011988011988,0.21234397095433802,0.8021925741673838,-0.04318112543287441,3.56795129768719,-7.839234,8.784243,0.7208183383443472,1.1988011988011988,1.4481212047846441,6.36064406147562,-0.055601168850268355,2.2565574066158303,-6.77816075,8.3407545,-0.1338123007520086,1.1988011988011988,0.7938968268675352,2.546573672471403,-0.14986447601761155,5.920361686518822,-8.852659,13.043195,-1.006095,1.1988011988011988,2.8353340896274424,17.530292777355854,2.845844757843464,10.170405368780692,1.7432898152765173,jumpingjacks,arne
1.6411785594862376,2.19074999569661,-3.0631626,7.9962916,1.541617904833296,1.2012012012012012,1.2032317285545382,5.09075774107298,-0.5514427701453584,1.9566004922114204,-4.46783435,5.3480263,-0.81149036,1.2012012012012012,1.123997343027684,2.2163158130047105,0.6432436858543004,1.3879549364763097,-4.08686055,4.928736150000001,0.6301821429980886,2.4024024024024024,0.4020096518245925,1.3760077186094337,-0.32346097302023696,3.684264012195526,-8.561888,10.709079,0.20341812,1.2012012012012012,2.024797540886022,6.884733962496608,0.2545439007988752,2.4075707522733834,-5.83865,8.932682,0.089186326,1.2012012012012012,1.1421992022788758,2.960089961471856,-0.36863284178155165,6.453962544586266,-10.66082,11.657752,-1.4795157,1.2012012012012012,4.278599324889762,20.94185877157378,3.3046092574477464,9.489945135426723,1.7428258809314106,jumpingjacks,arne
1.7654837225256073,2.3002586756146206,-3.8224244,7.9962916,1.7381566238736048,1.2000000000000002,1.2473953856737596,5.759885476511844,-0.776923900593118,2.0751861709173363,-5.8717737,6.121444,-1.17952844071776,1.2000000000000002,1.1031214907402391,2.7546701033231815,0.8213475536788141,1.3811039187274883,-3.46073175,5.742301,0.8173171800000001,1.2000000000000002,0.6547281169097304,1.6273849844081123,-0.13296179146149073,3.7384311989583603,-8.458651,8.1440555,0.36713,1.2000000000000002,2.134727911475198,6.998725722673536,0.36098083479289794,1.9977766367707632,-6.3212337,8.301048,0.314577799194968,1.2000000000000002,0.4934148326284891,2.1238746311106422,-0.39645927336011333,6.940823240633464,-10.961366,12.44027,-1.2410663945463014,1.2000000000000002,4.506074365403176,24.220616727595743,3.5048953899454363,10.890865787369274,1.8994742038043828,jumpingjacks,arne
1.958102421772764,2.479354606614299,-5.08554295,7.9962916,1.898932088240021,1.2000000000000002,1.3239391902821351,6.90470678182475,-1.0200103895016919,1.998468818076615,-5.7331486,5.462489,-1.3159283038632785,1.2000000000000002,1.0198408647791952,3.035365217247351,0.7814564851123705,1.498422708850541,-5.3204482,6.755261,0.7656513166825628,1.2000000000000002,0.5842638143100835,1.7321880004548023,-0.32489435642848113,3.6992643628967627,-10.2820835,8.594874,0.08529206499999994,1.2000000000000002,1.8666251663446303,6.940994521172773,0.45212742881067963,2.1230161334598963,-7.2552466,8.031656,0.26297788149527435,1.2000000000000002,0.6258733478139625,2.4558376720732435,-0.11607281130105766,7.488381606213988,-11.457389,15.1616755,-0.792440575001472,1.2000000000000002,4.82163596851658,28.02338537570894,3.7713597871682625,10.805856902935394,1.907801545890746,jumpingjacks,arne
0.23128512552471192,0.4072853189155778,-0.6856381433333333,1.1646413,0.1860755559077639,0.7056451612903226,0.18158810178554308,0.13635029252110759,0.06294469699984602,0.12812377599431107,-0.30336314,0.381583495,0.0712010955454363,0.5040322580645161,0.03540527645652405,0.012161980622319898,0.7512355520905122,0.7009730815804605,-0.8542004,1.9339097,0.8257321511650133,0.7056451612903226,0.3700677900581625,0.8097888290512031,-0.04271933496357866,0.6548424137327996,-1.7831156333333336,1.608957993,-0.05928484536295835,0.8064516129032259,0.14709891768139893,0.2160180992451746,1.5705735530645992,2.415484913196699,-4.303938321428571,5.906019499999999,2.5155608821678848,0.7056451612903226,1.324127902184547,5.381048198859835,-0.1307766886476049,0.49953184723516636,-1.4978416,0.88514376,-0.08830494067216335,0.20161290322580647,0.14996154623385996,0.1417428331522644,1.0746151418319871,2.0055483800691833,0.37434537723718025,lifting,arne
0.25690806316592024,0.3866061767426569,-0.737434226875,0.90899123,0.219651525,0.8008008008008007,0.1512875284300542,0.140659113892529,0.061020140588752034,0.08008237024741799,-0.1308553633333333,0.34412071,0.0526294107577231,0.20020020020020018,0.02005401496539825,0.006926840766878294,0.5643204710641707,0.6325414370490317,-0.847976925,1.97515525,0.7464490766666666,0.8008008008008007,0.22878514187878835,0.5183116742647331,-0.08697999527654365,0.49309598174251273,-1.9553796,1.13083374,-0.012217305,0.9009009009009008,0.10820368892480708,0.12901564966649137,1.286982321108919,2.899062182062491,-4.5747088300000005,4.583322,2.5612600357471176,0.7007007007007007,0.9664391310959445,5.854397775324381,-0.1292037195098908,0.3870992632922308,-1.1630874,0.72494435,-0.0695255168518518,0.10010010010010009,0.11253748808801395,0.09154152303814603,0.9306854624185928,2.0528790218981454,0.27841446722380503,lifting,arne
0.08250577936145798,0.49071112029399644,-0.8645278421052631,1.01051908,0.01388075656,0.8,0.2075501178614081,0.12708577054136344,0.07489874602967486,0.10283200995174684,-0.224044555,0.4165708571428571,0.08828262660416665,0.6000000000000001,0.025609651357806067,0.010891760579225066,0.7014324847433957,0.620125899345108,-0.9515792,1.90974805,0.902493239129984,0.8,0.2710177603849382,0.6840933713457702,0.03261563733153874,0.5740555921709165,-2.03283736,1.693572984166667,0.07096218072916666,0.7000000000000001,0.14111887044131913,0.16567307793645616,0.7573264257579461,2.9698862122794956,-4.4306054,5.4000487,2.097028062237343,0.8,1.2979091008162962,4.9792457098439655,-0.03279337644988632,0.4626276286814575,-1.5864171,1.1459832,-0.09391235483915385,0.8,0.15107649257282463,0.10798062534812047,1.0201968142472069,1.9991324533568815,0.3146649958769302,lifting,arne
0.2223901349185463,0.4258191373470469,-0.6765267,0.9604629,0.1965881136363636,0.8008008008008007,0.13602190129055194,0.14002758925399478,0.0670792423549425,0.08639592406621188,-0.1914151560434782,0.328745115,0.0767631980256572,0.6006006006006006,0.022512565182275294,0.008228016738829102,0.6428661569870812,0.560848732161956,-0.6973691719999999,1.7960783,0.8044459572542836,0.5005005005005004,0.1699288082697994,0.5703951128999081,-0.031098607859356215,0.4800648312987758,-2.1991148,1.627345,-0.0445175275715576,0.20020020020020018,0.1271459984635841,0.11608289806815851,1.4320307200928746,2.4433825450796705,-4.234518,4.575991566666667,2.40619921431744,0.7007007007007007,0.8988290800855095,5.032783066911744,-0.02811702415180511,0.3722835345561311,-0.8193739233333334,0.91477068,-0.0289003024141806,0.6006006006006006,0.11330900828030124,0.0700187152160235,0.9489291674970481,1.8766582551082105,0.26395211811349434,lifting,arne
0.321660979460711,0.3804606395179411,-0.5775919875,0.9318105466666666,0.3464643812590956,0.2004008016032064,0.1251025069721425,0.1757684800237348,0.05353770359683688,0.04745508686237463,-0.10409041637,0.16046763,0.0524204001458125,0.501002004008016,0.012950904752579588,0.0039912315427438035,0.5926822168585074,0.5193043024130022,-0.3701651099999999,1.7462784299999998,0.6534746153144543,0.2004008016032064,0.19321932481727255,0.4859759725257284,0.06861251316578793,0.43513682735776843,-1.018835955714286,1.110553,0.12767367174848354,0.501002004008016,0.1543499660370208,0.09928645374273118,-0.1443182535942146,2.5824840185496782,-3.7549886666666654,3.8784707285714286,-0.1174935825943728,0.501002004008016,0.7894372555764928,3.352099570696308,-0.020166360423426538,0.22527926870578627,-0.62124997,0.4605924,0.03916108915073855,0.3006012024048096,0.08338035548724966,0.02575663377241867,0.9053971293483517,1.824094479649634,0.23275809844117962,lifting,arne
0.7195738840925343,0.3989894255269757,-0.175965278,1.4105695666666669,0.6228339695785446,0.5005005005005004,0.19732199104718356,0.5973031795523912,0.03979472289206324,0.1163227503192201,-0.30946457,0.36022848,0.0415000438502766,0.10010010010010009,0.03406925044907568,0.008342338827585614,0.41744536658275416,0.5666622898256427,-0.66237134,1.7206036,0.260775151575,0.5005005005005004,0.2740341091449893,0.33465299564748613,0.15823386702794817,0.4971045350104356,-1.0305296,1.89673664,0.1643746777309882,1.101101101101101,0.12595518417323687,0.14847073589908563,-0.3852452062034183,1.0249744679946629,-2.3854287,5.258328,-0.353462092930432,0.5005005005005004,0.4608480126185035,0.6731743867810225,-0.021768031564964214,0.37311729344230354,-1.018801042,1.03511115,0.057815797552395,0.5005005005005004,0.11842445907999626,0.07001242659580016,1.0555260809348643,1.7259389148940392,0.2700071640664782,rowing,arne
0.6714777724030678,0.3500233473275496,0.047347106,1.56108778,0.5385304647703582,0.6006006006006006,0.18111374992869836,0.5120792511772487,0.06767788096692746,0.11610352211584724,-0.252965335,0.55059314,0.0702395816076492,1.6016016016016015,0.02875582467347578,0.01131356273534158,0.5567926466901769,0.5688187784597557,-0.9493827,2.017133,0.47578961,0.6006006006006006,0.3449533372264251,0.47163351343177157,-0.11581273994322676,0.6087171320324579,-3.03844365,2.8069258,-0.1063928236239478,1.101101101101101,0.17618708918619042,0.19849541042092583,-0.1018718032689076,1.1110049778728086,-2.8008173,3.539614957142857,-0.1310829077295938,0.6006006006006006,0.5457449420985412,0.6269261109160957,0.017889226803970645,0.42068308402413757,-1.1578950666666668,1.4196508,0.0249900499445295,1.2012012012012012,0.09777833263478189,0.08871857732337737,1.0568427503084563,2.0960225796210907,0.32827302820894644,rowing,arne
0.7125858021795989,0.3477471684494918,0.000244057,1.6717921,0.6038727038779903,0.6000000000000001,0.18058899660817287,0.5681822737820729,0.0870595599868084,0.16638766470181243,-0.655659795,0.65077865,0.08943477612,0.2,0.05056266489714251,0.021408071078465103,0.483323389807973,0.5387103425213411,-0.72533816,1.61151,0.39771347326944195,0.6000000000000001,0.30830588114657953,0.3785608514988833,0.018099243256629087,0.5722362002115488,-2.5619688,1.9895881,-0.00565255992834395,1.7000000000000002,0.14955817902508445,0.16389150182469567,-0.0542348495927268,1.1596156449059187,-2.4324653,3.477656,-0.18228946419944192,0.6000000000000001,0.518197394921187,0.6746479737380668,0.019751987484007888,0.5079660875690294,-1.3762794,2.7635543,0.03229840467096075,2.3000000000000003,0.12384077418138138,0.12927690338844586,1.0522802723450553,1.8131290299318497,0.2830701471683248,rowing,arne
0.7411376635902138,0.3851627300738926,0.0405135045,1.6185876,0.6061245550050489,0.5015045135406218,0.1662491995352976,0.623385802351551,0.039549435252621425,0.1231984058240305,-0.46541715,0.4444282499999999,0.040269446,0.20060180541624872,0.027841724356397254,0.009145469668717134,0.4815996689541683,0.5098541240298687,-0.5017206675,1.5491127166666665,0.398423445,0.6018054162487462,0.2148620971893146,0.3617834883178596,-0.008427034282950071,0.5846967745932745,-1.954158,1.6872098,-0.016493361,0.5015045135406218,0.1621984732048545,0.17083472450906248,-0.06524752981298666,1.1110206756165055,-2.493552,4.14191062,-0.2106885469887176,0.6018054162487462,0.4170455227820282,0.6208216703777731,-0.03237112431415234,0.3818356339812965,-1.32160695,1.1502593,-0.017715095,0.3009027081243731,0.10069109742784103,0.0738739967968784,1.0632772940356536,1.6402369941115251,0.2745160598791112,rowing,arne
0.6660104664072483,0.3643172907326876,-0.059671995,1.5168158,0.6084821251117287,0.6000000000000001,0.15731835629757077,0.5098671288040122,0.052418864089354256,0.08875045252943943,-0.28042176,0.31556603,0.059979464507181404,2.1,0.017630808686483906,0.006682322246740132,0.5531262869626177,0.4555249933155886,-0.5973301,1.7585138333333334,0.48092949470170443,0.6000000000000001,0.22774804870967413,0.4095964660136672,-0.006064897227760861,0.5381013241759932,-2.5424211000000003,2.4055874,0.0025827024698759,1.4000000000000001,0.12334428558156757,0.1446727745788381,-0.07060540972063198,1.015036048462513,-2.132705071428572,3.7030652,-0.17157666276032002,0.6000000000000001,0.41202765638457917,0.5196198844679089,-0.042536107395323854,0.2848833254696368,-1.0079277,0.9425651,-0.0608376319421471,1.4000000000000001,0.047329381262154295,0.04234923968256189,1.016276471089082,1.8019041963365017,0.25937313020498515,rowing,arne
1.0965243490971657,1.3145551087182181,-2.0737545,5.6391868,0.95670444,2.6973026973026974,0.5173732316302685,2.0655300506890186,0.1750804493090722,0.7630466032265544,-2.1203694,1.4128474,0.3155932486028108,1.3986013986013988,0.32595200319204604,0.32148239384794025,-0.09672631414391651,0.4551905802546328,-1.52535785,1.6188318,-0.132139566,2.6973026973026974,0.10939148875644641,0.11285171628770241,0.1547588499765374,1.0140281092152144,-2.905275,3.33746215,0.25030088927936,2.6973026973026974,0.3038054532113252,0.5375631918951026,-0.22956122706872673,0.9661475453005275,-5.9760947,1.6853772,-0.163938488194816,1.4985014985014986,0.2597137339445833,0.518952642333057,0.005429157531714374,2.775020666227676,-7.3713107,6.673092,0.0959816026585919,1.3986013986013988,1.1706678931110104,3.846552801421181,1.6732179125356639,5.8785348758552365,0.9791082894272222,running,arne
1.1104270978293254,1.150699684276031,-1.6220044,5.0959153,1.065557193881344,1.3986013986013988,0.49458583457766603,1.8944418278019284,0.11676696500261129,0.741099848011097,-1.9092598,1.8044373,0.0290426628012352,1.3986013986013988,0.33681135109299104,0.28797467632474766,-0.017992564058778564,0.4389670686636952,-1.2090596,1.2974083,-0.065005460286163,1.3986013986013988,0.09279375494191093,0.0965735262531162,0.13607693084003453,1.2558510564123477,-3.9278636,3.1435125,0.0946836698753788,1.3986013986013988,0.5560610704178983,0.8063100759080475,-0.13562572341670073,1.0502834101831524,-3.318004411764706,2.864958,-0.06566802,1.3986013986013988,0.3451778163189315,0.5693909610810505,-0.007983423263380668,3.29689270658696,-7.8404555,7.0823717,0.029321533,1.3986013986013988,1.7544052022092813,5.429385172982213,1.5559854366743076,5.144510263767067,0.9438075377594771,running,arne
1.2433034803672103,1.3902520449505467,-2.2709527,5.171573,1.1722948692553845,1.3986013986013988,0.6326683338398006,2.511238483598501,0.02071255557805241,0.8182024446358864,-2.0109097,1.8619128,-0.0577682171715006,1.3986013986013988,0.4471660204259113,0.3348222369356673,-0.03785621857694244,0.4871677672041513,-1.23505165,3.5834925,-0.1029620838307181,2.6973026973026974,0.1237730517485506,0.11998076231725202,0.1607195730515147,1.104032503996074,-2.6535985,3.209486,0.1777618,2.6973026973026974,0.3543366969694788,0.634665831051892,-0.1675564909443748,0.8813732591175737,-4.3860126,1.9620992,-0.1301473659451505,1.3986013986013988,0.18976038378070792,0.41609656721180494,0.006024681902190423,3.6841578096587093,-7.4922625,6.2851925,-0.0588402530782324,1.3986013986013988,2.192626061749874,6.779765950373071,1.8113229898412588,5.223032334842428,1.0510137349165642,running,arne
1.205923372999122,1.2089845791616258,-1.6293261,4.5133505,1.257627,1.3039117352056167,0.4011514398002886,2.184340016951804,0.08966142866720707,0.8063901638183916,-1.4394496,1.8216432,-0.1017218264701934,1.3039117352056167,0.32726179301575825,0.33284560906137706,-0.09992693878670027,0.43671317647201985,-1.2415192,1.5556209,-0.12398108,2.6078234704112333,0.1020543039546568,0.10524894620975661,0.1460010708661354,1.1821995662837312,-2.796541,4.4849725,0.1638479049749545,2.6078234704112333,0.38517310043589786,0.7194133193456915,-8.431326438507215e-06,0.7465366620068851,-2.2177462500000003,1.9321668,-0.0424684098484416,1.3039117352056167,0.2512505366705456,0.2783789969464638,-0.053522796289828124,3.7595596335657357,-6.527706,8.671232,0.0600548365333333,1.3039117352056167,1.5030404408111226,7.062920599343336,1.7441259855096611,4.613474434054792,0.8551909125087921,running,arne
1.1640180251637637,1.2495126204922937,-1.6915607,5.3446097,1.1379169500000001,1.4028056112224447,0.38355688225898027,2.1347966704345076,0.1385758418369817,0.8208713379250521,-1.50925,2.0869334,-0.01677891894934845,1.4028056112224447,0.31645890792150067,0.3557805515831209,-0.06422737495640687,0.38246134779754803,-1.32279025,1.1408456,-0.11879486175000001,2.7054108216432864,0.08009539386287515,0.07719039031298755,0.028162122454907724,1.0815659718059547,-4.107458,2.5503623,-0.007330382999999999,2.7054108216432864,0.3161228878143292,0.5851153628777922,-0.08764294520515815,0.9525589102140432,-4.9528956,1.9920316,0.0018838304926504998,1.4028056112224447,0.26220039670680173,0.4609178703180579,-0.0313999025212313,3.5289181159012704,-6.076277,6.9192705,-0.10313385461992369,1.4028056112224447,1.408102759589996,6.221378407497042,1.6831210858524177,5.580295093669668,0.9619246386419575,running,arne
-1.2789961331122155,2.83718323155493,-7.9944906,6.482367525,-1.7151611,0.999000999000999,1.512346565758792,5.656614669663091,-1.7109729586359512,1.0374807684767158,-4.16173675,1.35076475,-1.8189475125,0.999000999000999,0.42370700258991406,3.4650739921360265,1.0004667451400393,1.0520906417270641,-2.16969975,6.280366366666667,0.957533,2.997002997002997,0.4478214593892067,1.5538281728711973,0.5086276150296113,2.644591622250407,-9.613896,7.579545542857143,0.82853795,2.997002997002997,0.9993341219909834,3.7521410360239766,0.061785567728102446,2.839130130588827,-7.380715,6.756505,0.37360945,0.999000999000999,1.4873142736010316,4.030121101942583,-0.018632542449297147,6.5039966462686,-12.55733975,11.09285888888889,-0.0642057612499999,0.999000999000999,4.139955494828164,21.130203502643713,3.5858787859926,8.871094506633982,1.7120870402517447,jumpingjacks,cato
-1.3386428511485597,2.8755878549662546,-7.9944906,6.8052444,-1.71650255,0.999000999000999,1.3926625752555963,5.922337066362425,-1.543791468772802,1.0296522932848142,-3.8264123,1.6473217,-1.739812025,0.999000999000999,0.34958444112084175,2.9128544592288512,1.1808933270676876,1.0637307730512613,-2.788908825,4.861445411111111,1.1028388,3.096903096903097,0.3587852419279224,1.9597054322987235,0.16877643679299073,2.488796444618979,-7.76363945,9.166407666666666,0.2590586377777778,0.999000999000999,0.9668949892717037,3.1224453970791113,-0.2928238981354627,3.0337734376108076,-6.999613833333333,7.233373333333333,-0.3005368525,0.999000999000999,1.5755337428752902,4.683039177353662,-0.2053334973811884,6.059482616743755,-10.456458,11.237015,-1.168188145,0.999000999000999,3.4715717345567447,18.382486311989812,3.555533863244035,9.441674855494615,1.838908708510656,jumpingjacks,cato
-1.2312193371450753,2.883894877873587,-7.9944906,6.442946888888889,-1.7105266,0.999000999000999,1.1132493927670446,5.670171618909962,-1.5282090884607262,1.0756777645142201,-4.82688235,1.6361853375000002,-1.6245359,2.097902097902098,0.3391372909956651,2.9133863812259464,1.0567110211453905,0.857106159429976,-1.807697088888889,4.311264333333334,1.031287325,3.096903096903097,0.24864107859361187,1.4835867179408058,0.33884266380259825,1.85398365057431,-4.9493136,5.1898346,0.5716766799999999,1.098901098901099,0.4999303536438387,1.8317251283337423,-0.11433830528022193,3.0651578510749236,-8.074026,8.55934475,0.10605835,1.098901098901099,1.2461661264261588,4.705976670634895,-0.08168759865635554,6.283540852639674,-13.459340333333332,9.33932,-0.4377993133333333,0.999000999000999,2.8855329566213332,19.728393966067806,3.5196321737385805,9.10338190791087,1.6677215168771207,jumpingjacks,cato
-1.3597429030808952,2.9205977728933825,-7.9944906,7.0390387,-1.8136272,1.098901098901099,1.2115963107028216,6.109585753003231,-1.4863798302641935,1.0923215371916437,-4.6795986,1.570427,-1.7044287,1.098901098901099,0.41162699001971675,2.805312182939447,1.312622749713313,0.976530404037103,-1.580702,7.1442275,1.2500729,3.196803196803197,0.2987783325260355,2.1993079685838532,0.1821071530679053,2.485818642917692,-7.507075222222222,8.451699666666666,0.32611609,1.098901098901099,0.6198156864955183,3.1197236173349387,-0.2526173995702948,3.517888472406812,-7.595580125,7.9593396,0.0432089602222222,1.098901098901099,1.7184930987228906,6.245403614647941,0.13447437065477622,6.224387151239469,-12.88696825,9.234865,-0.0055739549999999,1.098901098901099,2.9754390008736378,19.37022891506179,3.678867592243535,9.78088024110344,1.7076457311854054,jumpingjacks,cato
-1.2856789095401742,2.8155680227731623,-7.9943386,6.643571822222222,-1.7921980999999998,1.098901098901099,1.1608723762880093,5.6127221519742605,-1.4434466178987877,1.0710833962140727,-4.139266,1.7583305375,-1.5406692,1.098901098901099,0.4184544033500097,2.656574922762147,1.153697686715097,0.7644022575826429,-1.5658421749999998,3.9247715,1.1214069,3.196803196803197,0.2670132217500644,1.6228818944883296,0.37022773895559385,1.8535888615744165,-4.850492166666666,5.4854082,0.50860671,1.098901098901099,0.5136106090933179,1.8532482329143198,-0.22282962009851257,3.4180404260913493,-7.924216125,7.804862,0.0151778655555555,1.098901098901099,1.663851793019415,5.885317552277927,0.0913652287772466,6.242205009795272,-13.247444,9.868467,-0.0646298214285714,1.098901098901099,2.9476011447023636,19.471446198592545,3.4746527123179765,8.954282955733648,1.6267339479635,jumpingjacks,cato
0.5639488229778853,0.22133353145315413,0.00359776775,1.002863425,0.537135,0.5994005994005994,0.10732338258054118,0.3425080712146278,0.030731163945263106,0.06119869683140446,-0.252766295,0.39706585,0.0274541771888888,1.1988011988011988,0.013920628771624206,0.0028151739148842628,0.6359368186307721,0.6002728711571712,-0.5061812933333333,2.6222184,0.7296729000000001,0.5994005994005994,0.32339711334215376,0.584399413437717,0.012154214036985472,0.3893029536218577,-2.343973725,1.2642247875,0.02687728,0.5994005994005994,0.08514103728363917,0.0758504170760508,-0.03377035812631974,1.8150769462705887,-3.2206922,3.80741105,0.0071010995,0.5994005994005994,0.9482421701046634,1.6467469909755748,-0.010959697071199058,0.20380111082714406,-0.516547735,0.5925982,-0.014583978,0.5994005994005994,0.0683826175324887,0.02086681464739387,1.0315399525361204,2.6343752734034247,0.2684106911380887,lifting,cato
0.5197952379331938,0.18270369584206064,0.09372498,0.866666445,0.48688814,0.6993006993006994,0.07766006308479842,0.2868607359686091,0.04260138865301701,0.06297279909945977,-0.1453972124999999,0.24916087,0.04247199,1.4985014985014986,0.013378028867119677,0.0037956842224685637,0.584797641124451,0.7377818790766275,-0.7284876,2.517749775,0.75369237,0.7992007992007992,0.33872909864606854,0.6138774424502562,-0.0007552862083894707,0.4124797226381664,-2.1960723,1.1679399,0.0135065107777777,0.7992007992007992,0.09776519192481772,0.08498534647506811,-0.06632664023063445,2.495803006208574,-4.454679955555555,5.90727475,-0.2642678,0.7992007992007992,1.1502463033664272,3.11580414118618,-0.04520605737396738,0.20452384342514626,-0.6490506866666667,0.51318806,-0.034741938,1.1988011988011988,0.05034814055387528,0.022937694780837767,1.0441399741813633,2.577428589121324,0.3239661093882167,lifting,cato
0.5440230246674397,0.18934427872963114,0.137698575,0.94322574,0.49737656,0.6993006993006994,0.09169523920431646,0.3138687715919082,0.042352134533168134,0.0695163470029826,-0.18010198,0.3019383475,0.032048906,0.6993006993006994,0.01293803424436314,0.004207550702432199,0.6054776082564517,0.7002902911162333,-0.76605076,2.24052695,0.7502774833333333,0.6993006993006994,0.36636981438774274,0.6115614217281546,-0.01788085775651365,0.42640689002780735,-1.952344275,1.103801,0.026877279875,2.197802197802198,0.0817386402163796,0.0911403224083677,-0.03173629850173713,2.2562992006817537,-4.0037985,4.42276325,-0.04344651275,0.6993006993006994,1.2049921626153226,2.543907333999794,-0.02226176584073676,0.20641268938700286,-0.6295035866666666,0.5662444999999999,-0.01885990775,0.8991008991008991,0.041162919541471416,0.02177740357098282,1.0444957489266682,2.2816323190440335,0.32256809510719014,lifting,cato
0.5444367553277794,0.15717311088519914,0.2544525111111111,0.89005196,0.4983251488888889,0.7992007992007992,0.0879798140395299,0.3087507345904672,0.03347052950764419,0.05746063288821073,-0.08434435,0.2772418,0.027699787,2.2977022977022976,0.015749644728730864,0.0027694892985259388,0.5969036422610928,0.7077439906218164,-0.6897440914285714,2.146085475,0.76605076,0.7992007992007992,0.41502760444724457,0.6064945356976527,0.005355907914700579,0.43993634135429593,-1.607826325,1.3707412,0.012216945,2.2977022977022976,0.14034683444520882,0.09670400265478735,-0.11597954488706035,2.3623085697387745,-3.9811206125,4.6637425,-0.1399094766666666,0.7992007992007992,1.3914238702771242,2.8009146807369314,-0.016566924975590838,0.18565180775092538,-0.6525703014285715,0.5047889125,-0.024357535,2.2977022977022976,0.054344835433770854,0.01749054378296032,1.0386043757139622,2.17853121317433,0.3218825247416512,lifting,cato
0.5500805704375069,0.14462438677914832,0.2946682711111111,0.83099365,0.5149386,0.7992007992007992,0.08619960700767143,0.31303629293950885,0.03423773932786045,0.05596855133418149,-0.14301139,0.2169333974999999,0.0380205115,2.4975024975024978,0.012301018804526873,0.0027368974888114478,0.5715241125888274,0.7287310743996626,-0.78900945,2.517033325,0.7195808525,0.7992007992007992,0.4510482538481657,0.5918990414381221,0.03188026237829971,0.36306475653015186,-1.8192558625,1.4138824250000002,0.027488127,0.7992007992007992,0.1092798258639793,0.06685851767990784,-0.06568094730498172,2.373455801742808,-4.197742225,5.164637,-0.06253549,0.7992007992007992,1.4847624356647764,2.818146375863155,-0.0051839520013706305,0.1608524823710201,-0.549686165,0.493793625,-0.0199288914249999,0.7992007992007992,0.042186382821626,0.012950710064106427,1.0353683515103993,2.5790677889895273,0.33625753308785067,lifting,cato
0.9419791129700339,0.08995177600136091,0.6410778375,1.2825748,0.9385380325,1.4985014985014986,0.0239730176022756,0.891366268655328,-0.004574961107449193,0.07927653181693561,-0.2328184511111111,0.23452587,-0.0069859261375,0.0999000999000999,0.01569400958635017,0.003160175272592018,0.30842506024506866,0.3373109182078102,-0.45087996625,1.009662525,0.2818762,0.4995004995004995,0.19786926154629583,0.15195851306299635,-0.007752000799770585,0.3725442683618263,-0.9654271233333334,1.0744039333333335,-0.031840414,2.4975024975024978,0.10131506310216726,0.06938538417036988,-0.006232985848215592,0.3989725701956368,-1.3525685,1.4708438,-0.017170535625,1.3986013986013988,0.07736493726483512,0.07954889595100181,-0.009313590240490499,0.22206184456062286,-0.76844585,0.6286382,-0.0022312893088888,1.7982017982017982,0.04095996965796887,0.02471784326769634,1.0456739892062987,1.4351424801907762,0.13069540610154687,rowing,cato
0.9399108371381752,0.09953836755987597,0.47051528,1.230917925,0.9412172525,0.4995004995004995,0.02216636201458201,0.888381376083714,-0.046761186510650136,0.07335054400691905,-0.28931566125,0.15595421,-0.04317325375,0.6993006993006994,0.012862803558470123,0.004874072253249927,0.28817328989557495,0.3827926652491281,-0.4312684022222222,1.1184798,0.1945472611111111,0.4995004995004995,0.17901008704353058,0.15623576537314066,-0.01185772396509799,0.4397910868479082,-1.1369394,1.2770016333333334,0.0102316915624999,2.6973026973026974,0.13036011943533374,0.0967520941645177,-0.0051133528457346245,0.5015405600386389,-1.5077237,1.5282635111111111,0.0054042977777777,1.098901098901099,0.1296742206817898,0.12567196723839963,0.012837452312909512,0.2610103367030527,-0.7609799666666667,0.6296562855555555,0.02176143335,1.098901098901099,0.08219442955022148,0.03419396894604253,1.0525618175855198,1.5139246120446213,0.14985207856618563,rowing,cato
0.9465773181347025,0.08228170050666704,0.6008583,1.1887545874999998,0.9456954,1.098901098901099,0.018654634751472145,0.8993903765688583,-0.05461052364411053,0.06869148253121218,-0.2464235933333333,0.14957426875,-0.05232012525,1.098901098901099,0.018685975417557312,0.005339212275868685,0.2636882331910582,0.377498562448502,-0.3562402925,1.03951185,0.1630820144444444,0.5994005994005994,0.1755261909705285,0.14071288524784029,-0.009706028602793718,0.38383087598320237,-1.0715789,1.372497425,0.012751437,2.5974025974025974,0.08780306071443704,0.07368368818905667,-0.011016131158325261,0.46276086013235485,-1.618592575,1.71915325,-0.00015271181,0.5994005994005994,0.11584322428896117,0.10708819514092063,0.004751213141211525,0.219344720908916,-0.6238786666666667,0.7346541255555555,0.019088976875,0.999000999000999,0.042749586057725275,0.024054595300344313,1.0504571901651547,1.467247694708446,0.13755409561064816,rowing,cato
0.9713675111699175,0.10269201899550695,0.53323233,1.246536125,0.96862364,1.5984015984015985,0.030317330946602276,0.9488223995813017,-0.03310306154126477,0.0843420325565444,-0.3223629766666667,0.20915854,-0.0314144346666666,0.1998001998001998,0.02271010806258864,0.0046490486752974675,0.21169148454229814,0.34155136734415426,-0.62146155625,0.9759410866666668,0.15790555,0.4995004995004995,0.15584913143675636,0.10308368249718328,0.018033125574032954,0.4159162568047942,-1.407697525,1.1695603888888888,0.04023956,3.096903096903097,0.11043965002756527,0.0867319531956469,-0.030006195244862754,0.5257559661431247,-2.1291844875,2.1873677,-0.0129041482,1.098901098901099,0.1149115254801233,0.13897196812424684,-0.011404638709573795,0.25985667041900345,-0.67926216,0.69277716,0.0019088977,1.8981018981018982,0.05393263241357903,0.03385908134915615,1.0519602323246398,1.4087477978219736,0.130548910526037,rowing,cato
0.9656962952561725,0.0976644653519585,0.6995225333333334,1.2377348666666663,0.9659405399999998,1.5984015984015985,0.01977366587389664,0.9373337441582518,0.01700594409415338,0.08764533930570131,-0.34434935,0.2123218275,0.027318668,0.4995004995004995,0.0180416975750308,0.004126217869803956,0.2111251027305631,0.3344752975235883,-0.51884125,1.0092018111111112,0.1487756177777777,0.4995004995004995,0.17326423287100004,0.10045479034839189,-0.005326579713155831,0.41288319242673865,-1.1737939666666668,1.480685277777778,-0.029397024,2.097902097902098,0.08136576682032662,0.0851794866315082,-0.030080014821154803,0.4710762561983956,-2.0477128,1.54475636,0.011453386,1.5984015984015985,0.13841838486435024,0.11175038129458616,-0.002478819371765219,0.27403166770300186,-0.7442156066666666,0.8467107,-0.009544488625,1.5984015984015985,0.05936038946236771,0.037515312829238284,1.04351926161932,1.4937767016408563,0.13222017350962814,rowing,cato
1.405823495279303,1.6175009237696913,-2.191072911111111,5.334122,1.441578,1.3986013986013988,0.5328604554864045,3.283187471305792,-0.43270774262901185,0.9464937652775058,-2.5881930444444445,1.7434554,-0.70260197,1.3986013986013988,0.41389482770481656,0.6347137366395819,0.09750031757069261,0.6763653286704024,-1.7949149444444443,2.977975277777778,0.0180041,1.3986013986013988,0.16055731691313394,0.23801283431770534,0.3298062964522142,2.3526857096199856,-4.488836600000001,9.04769775,0.11987878,1.3986013986013988,0.8963581312168134,2.8735724170806733,0.0014503155862443109,1.7124028094383317,-5.962938125,4.0060892500000005,0.3006322875,1.3986013986013988,0.4325938783520705,1.4646990973075533,0.15746546021078725,5.15702765757495,-7.4114860625,11.998296111111111,-0.8460998,1.3986013986013988,2.4296249456334764,13.308978318708334,2.2742015093641164,5.430504856411713,0.9837277725937849,running,cato
1.4364718074641292,1.5220701540489239,-2.12183115,5.647636233333333,1.5184728,1.1988011988011988,0.8014043317899868,3.2206428389771817,-0.5438690553287744,0.6955263424517352,-2.362573511111111,1.1302679625,-0.5592132725000001,1.1988011988011988,0.2291307298438676,0.5374303590566452,0.023586897175350164,0.3580601961944323,-1.3513186333333331,1.2548903,0.0,1.1988011988011988,0.0844003630536362,0.06459585425522137,0.34818893688015,1.9213127472443101,-4.3815312,4.7568967375,0.17241164,1.1988011988011988,0.8457279817320671,1.9651129946685655,0.20227077195763898,1.4039449951563772,-3.9905887875,3.221303,0.2732778,1.1988011988011988,0.35768998752195963,1.0254596936721752,0.05148212983216939,5.833794839086541,-8.636464,11.994596875,-0.5800663,1.1988011988011988,3.281657267893179,17.002231940437692,2.089460002940878,5.695138472892388,0.9594860863204598,running,cato
1.3820782113331915,1.531930127315917,-2.0442579125,5.592765325,1.4048990333333335,1.1988011988011988,0.5822647664690043,3.082372907006271,-0.4939705636534898,0.7357993266700898,-2.2377423333333333,1.4813022125,-0.5505161375000001,1.2987012987012987,0.23646706448938284,0.5144368124255557,-0.021651542056987653,0.3979118637688536,-1.267112825,2.2725716,-0.0435289613333333,2.5974025974025974,0.07411766528737537,0.07955662709962066,0.24622620852464974,1.796721402851457,-3.8818579375,5.1185946,0.08666395375,1.1988011988011988,0.6438885009933617,1.673118754088354,0.13013809562016773,1.4982938771085554,-5.930105,3.299016377777777,0.2979980024999999,1.2987012987012987,0.42948136139128834,1.138256874071997,0.1552080467014065,5.563494352861396,-8.338709777777778,10.964470444444444,-0.9016869,1.1988011988011988,2.3335666033619926,15.484863470987962,2.044142265993311,5.674272820376587,1.010256798725577,running,cato
1.509573623194506,1.8786647588813175,-2.6842725,5.9293704,1.1832956277777777,2.6,0.6983377695635743,4.0417398544900704,-0.43226246491653864,1.1076449079287503,-2.5322208,2.141818877777778,-0.7922184906249999,1.3,0.6023911622923598,0.7996760235903656,-0.016047292208457145,0.6258154733848451,-1.4870583222222222,1.5572555,-0.015854584,1.3,0.24362755655439125,0.19588421957670632,0.1812472289481583,1.854807005817328,-3.9643223125,4.7661357,-0.17054091687499995,1.3,0.6539119927319237,1.7512968701549565,-0.0726087289284275,1.5492011088845878,-6.0344074,3.6601628,0.34057279777777777,1.3,0.6954416692772422,1.204118349538549,0.2098322831149395,4.421875995547335,-7.683533833333333,10.694603,-0.28010686874999996,1.3,2.5907480356520467,9.810746881189026,2.4777457891468346,6.077913802984233,1.2128162379873235,running,cato
1.4851521222883366,1.5631865866002166,-2.1727488,5.357236633333333,1.4681343777777778,2.4975024975024978,0.6620656161220401,3.4262324230043015,-0.5073739074449262,0.9055548933792432,-2.08439,2.0253925375,-0.70918775,1.2987012987012987,0.3764872710651748,0.6670335091902445,0.03961305334841687,0.6025060043911499,-1.7512913,1.8479229,0.02561125,2.4975024975024978,0.2353758114762593,0.1828946112420322,0.13282966518080627,2.0237280922638154,-6.507127,4.5098853,0.4038887933333333,1.2987012987012987,0.7770366633839438,2.0633357236572105,-0.057735223236788986,1.4563654901614564,-4.770072333333333,2.9409241875,0.2177161444444444,1.2987012987012987,0.5326880073220381,1.0627741356891243,0.22939188992584397,4.987976377904639,-7.6108513,9.581826375,-0.3155789695,1.2987012987012987,2.672915548261045,12.480147285784465,2.2343913369382546,5.491096791050889,1.0470135052316027,running,cato
2.7443432384997797,2.5073808339101227,-6.0568166,9.86106568338558,2.955526283446122,0.999000999000999,1.0489213654173173,10.671758794845225,-1.831806507950501,1.786370011082545,-7.655203,3.075130186837197,-1.700526,0.999000999000999,0.8525913199988189,4.949480025874032,0.3055045588763649,0.7433885167936628,-1.309382754693561,2.684852,0.1583255326789838,0.999000999000999,0.3794152970515457,0.36937024173833916,0.5662663193372582,2.0590759506151834,-5.9227967,5.48557,0.517861,0.999000999000999,0.8281360151616424,2.438436650510583,0.6915579812004317,1.186392354570729,-2.6064093,5.367787865604597,0.6252206,0.999000999000999,0.4544062218519485,1.181312790504813,-0.5585852417812835,8.133881832021993,-10.60435612008176,12.559123070356955,-4.336227,0.999000999000999,4.498765891040567,33.35898733112581,4.2944368457185,10.59789877093825,1.6004128019549544,jumpingjacks,christoph
0.44384522327475845,0.1690529994094384,-0.0958079601558403,0.74705577,0.4644783,0.0999000999000999,0.07313008155081324,0.2112737653453625,0.733449072659429,0.17384019987625288,0.1683634799999999,1.0417681,0.6940039,0.0999000999000999,0.09003417873088045,0.5530426546190501,0.39308722158843235,0.26208454019303273,-0.043539125,1.369242245945946,0.30953026,0.1998001998001998,0.10444923454087726,0.1888274070369492,0.5589341306499055,0.9394601191905072,-1.4703526,3.0521882,0.52412236,0.2997002997002997,0.3856622615401496,0.7532591683741178,-0.8276308059382566,1.1830685745583975,-3.796817521372031,1.1211331493917829,-0.17333302,0.0999000999000999,0.5203487394971401,1.3840992504922731,-0.36286803653852806,0.3833573191936482,-1.2585043002444989,0.5963571700000001,-0.2519819,0.4995004995004995,0.12757412579053315,0.20508122102191628,1.0006004165913183,1.4431783079689777,0.1250535681507314,lifting,christoph
0.48820140651865024,0.322660529853474,-0.15336262,1.3010455150327456,0.3782538,0.4995004995004995,0.14826657809673394,0.2903435191835938,0.7359529328841113,0.19369293739071916,0.13976426,1.2156807,0.7702450149233812,0.4995004995004995,0.06633783527969175,0.5603664566809872,-0.3658540178286945,0.21061979644247128,-0.9371279,0.1999507,-0.3448372,0.0999000999000999,0.06232560199862329,0.15600735349699715,0.031463895388367934,0.5821943898566422,-1.5340353,1.4773777,-0.01450805,0.999000999000999,0.12275714102309897,0.17029582465534168,0.03403897038016463,0.5525943291212223,-2.0659303429508995,1.606881,0.1038224242073141,0.999000999000999,0.12409750065060723,0.1536863700744387,0.06868785185141105,0.8810841493723157,-1.6659822,3.032335,0.0200587933704356,0.4995004995004995,0.3813505852917335,0.39248489325726466,1.0317906764789024,1.6380483643681285,0.1872463343005643,rowing,christoph
1.538551789523131,0.7979290942259815,-0.5938761,2.8410804,1.814138344308336,1.4985014985014986,0.2776655688550221,2.6851690013586618,0.11949774873479926,1.1973863942759464,-1.7442308580464168,2.71470355269962,-0.1636071,1.4985014985014986,0.5006105836751783,0.7304306496136002,0.09500434562346245,0.36054106522780044,-0.73010355,1.1749467,0.1226246772908997,1.4985014985014986,0.12873487077085,0.07395582554528288,0.021518732903800394,1.884534342741748,-3.6076174,4.108864078376328,-0.1973100231672598,1.4985014985014986,0.852357519177242,1.7744239394687178,0.014766572026338217,0.8686265192743474,-2.39421146787787,2.0115793,0.08124508,1.4985014985014986,0.31850056197371085,0.37709718750688564,0.06873896426162412,4.557987590939476,-8.037765,6.863361463380281,0.0021153191233017,1.4985014985014986,2.05114603388016,10.381973236595497,2.0563242933913717,3.5277756108824567,0.6004618230707676,running,christoph
1.0769108387718747,1.554301485871238,-2.086247,4.8561893,1.12751706875,0.8,0.6534055580344234,2.36645651299702,-0.8347243599619398,0.7689102546288636,-2.3304238,1.718516525,-0.95668488,1.7000000000000002,0.2415858874671502,0.9920833237020263,0.7473556178400607,1.262579191124666,-2.3534373875,5.123807,0.66092565875,0.8,0.556884802725611,1.3547965810196545,0.0,0.0,0.0,0.0,0.0,0.0,0.0,0.0,0.0,0.0,0.0,0.0,0.0,0.0,0.0,0.0,0.0,0.0,0.0,0.0,0.0,0.0,0.0,0.0,2.3539897865591004,7.114143985037581,1.2131888408024794,jumpingjacks,jakob
0.8916589147595698,1.1977787139171712,-1.9456011,3.2737139571428573,1.0939123125,0.8,0.5263265072448674,1.5116769138080708,-0.3493512842246213,0.7793352264630111,-1.7566081,2.06036415,-0.5430493,0.9,0.2510305314797382,0.4254253993995639,0.6955520698905068,1.5147085919876708,-1.9856461,5.5917194285714285,0.58700114,0.8,0.6813970123730655,1.6298235759541826,0.0,0.0,0.0,0.0,0.0,0.0,0.0,0.0,0.0,0.0,0.0,0.0,0.0,0.0,0.0,0.0,0.0,0.0,0.0,0.0,0.0,0.0,0.0,0.0,2.1131236151965305,6.209612916106567,1.126461320238049,jumpingjacks,jakob
0.7537504022531876,1.3281182397587532,-2.229822875,4.4246676250000005,0.82434101875,0.9,0.5454657689224512,1.4492069579749038,-0.24273246459195894,0.7806993770568915,-2.4554424,1.9036027,-0.43805325625,0.9,0.21520580857228364,0.3633600728052295,0.6215622111069642,1.3531905331349168,-1.7439110125,5.7020173,0.31166122087500003,0.9,0.5022356506044581,1.300987963846121,0.0,0.0,0.0,0.0,0.0,0.0,0.0,0.0,0.0,0.0,0.0,0.0,0.0,0.0,0.0,0.0,0.0,0.0,0.0,0.0,0.0,0.0,0.0,0.0,1.962317574161747,6.39437170107272,1.1680676785466306,jumpingjacks,jakob
0.912896384486717,1.4328381114590776,-1.9377874,4.5162948285714295,0.9495121906249999,0.9,0.6549814918699992,1.858866198800143,-0.37958609347589845,0.8024829319151823,-2.1199434,2.5594616375,-0.541335685625,0.9,0.27300931681027296,0.4657537361768111,0.6104316303043198,1.236730709598016,-1.2672778,4.845445349999999,0.349905421875,0.8,0.5084782170219457,1.136613490611742,0.0,0.0,0.0,0.0,0.0,0.0,0.0,0.0,0.0,0.0,0.0,0.0,0.0,0.0,0.0,0.0,0.0,0.0,0.0,0.0,0.0,0.0,0.0,0.0,2.0475448426259524,6.811425218577094,1.1752930990691963,jumpingjacks,jakob
0.6946721619744842,1.3665703346618805,-2.2303112,3.70709275,0.7880284321428571,0.9,0.7288549617162899,1.4153929165227963,-0.08425950823164902,0.8608974945938317,-1.7683287,2.9310988125,-0.29227970187499996,0.9,0.3718799321560851,0.37730264769708494,0.9616727036360789,1.278790880276944,-1.2516506,5.1286902,0.69248551,0.9,0.6542628705930918,1.741649816106324,0.0,0.0,0.0,0.0,0.0,0.0,0.0,0.0,0.0,0.0,0.0,0.0,0.0,0.0,0.0,0.0,0.0,0.0,0.0,0.0,0.0,0.0,0.0,0.0,2.0216858165882905,6.470145237474736,1.2524214989568418,jumpingjacks,jakob
-0.08985521471917302,0.3316668309993611,-0.8218992399999999,0.65585903,-0.11631974218749999,0.6000000000000001,0.18290010457818517,0.06302052346349317,0.14215866257486845,0.19713477311562014,-0.38726446,0.9356857,0.11434452982142854,0.6000000000000001,0.09479917893659588,0.03962076058139133,0.7023623694675867,0.8133204267852792,-1.994296857142857,2.394398,0.91956997,0.6000000000000001,0.4124509539788828,0.823737421050166,0.0,0.0,0.0,0.0,0.0,0.0,0.0,0.0,0.0,0.0,0.0,0.0,0.0,0.0,0.0,0.0,0.0,0.0,0.0,0.0,0.0,0.0,0.0,0.0,1.0923594966997803,2.3984852583040266,0.3715231749181238,lifting,jakob
0.21550213076185593,0.4304275052096912,-0.7984583,1.3361356,0.21634069,0.7000000000000001,0.2503308884938101,0.13898343561156917,0.01000640017857302,0.22145189767139004,-0.5743039,0.7771102857142856,-0.012361452225,0.7000000000000001,0.1120616395308781,0.024596229498085844,0.8085771540846378,0.854012123368006,-2.3563065375,2.9618652000000005,0.9931893425,0.7000000000000001,0.42056706938533855,1.018101011061906,0.0,0.0,0.0,0.0,0.0,0.0,0.0,0.0,0.0,0.0,0.0,0.0,0.0,0.0,0.0,0.0,0.0,0.0,0.0,0.0,0.0,0.0,0.0,0.0,1.20479848813939,3.0542774867675293,0.4601004754783112,lifting,jakob
0.2704714421364208,0.410800399354025,-0.6304646,1.3556699,0.3120754320535714,0.8,0.23839465381457156,0.1574489489213763,-0.0051404449823285745,0.20843313048481185,-0.5821175628571428,0.5572116,-0.0173060339875,0.8,0.09177766687893867,0.021726975326454203,1.1205354955389557,1.0066516473445712,-1.949019575,3.2226459,1.240845625,0.8,0.5046295429022,1.7617739362682283,0.0,0.0,0.0,0.0,0.0,0.0,0.0,0.0,0.0,0.0,0.0,0.0,0.0,0.0,0.0,0.0,0.0,0.0,0.0,0.0,0.0,0.0,0.0,0.0,1.4642008952152499,3.279078524556643,0.6400232170284689,lifting,jakob
0.4205122821211262,0.42075768742636893,-0.59920996,1.6208458,0.44049502625000003,0.8,0.1522426844778943,0.265260588542183,-0.02134378631909464,0.22230416527295171,-0.46881953,0.7408325499999999,-0.057534167875,0.8,0.06268135061979761,0.025140423708012467,0.7930856676340834,0.9950560132319956,-3.1874845,2.7362456,0.9986832999999999,0.8,0.3580321014040967,1.1235715196092928,0.0,0.0,0.0,0.0,0.0,0.0,0.0,0.0,0.0,0.0,0.0,0.0,0.0,0.0,0.0,0.0,0.0,0.0,0.0,0.0,0.0,0.0,0.0,0.0,1.3094118685900187,3.4243837696258432,0.554432156805678,lifting,jakob
0.452671461843025,0.44030364843362585,-0.51374805,1.755631475,0.41510063,0.8,0.2284955974606629,0.30174872126196833,-0.10828836351320258,0.3015558985374597,-1.069983,0.8341081,-0.1786328000892857,0.8,0.15359526762897147,0.05714941781268682,0.759025300380632,1.0061999244802762,-2.4779067,2.8641944,0.9002495025,0.8,0.5299666853671071,1.08183239352909,0.0,0.0,0.0,0.0,0.0,0.0,0.0,0.0,0.0,0.0,0.0,0.0,0.0,0.0,0.0,0.0,0.0,0.0,0.0,0.0,0.0,0.0,0.0,0.0,1.3024938259575147,3.106680863906248,0.6265811800678084,lifting,jakob
0.10717362936298472,0.5200700062443896,-1.8596509,1.2111171,0.17727238,0.6000000000000001,0.2714789608557107,0.14658735764496136,0.1259675122953853,0.3006845271227769,-0.3638235,1.40706905,0.054207259625,0.6000000000000001,0.15940227985718647,0.0610284492697805,-0.8587356932549999,0.3995208678363101,-1.6267061,1.2125822,-0.915174771875,0.6000000000000001,0.09812713036118306,0.8171561592163931,0.0,0.0,0.0,0.0,0.0,0.0,0.0,0.0,0.0,0.0,0.0,0.0,0.0,0.0,0.0,0.0,0.0,0.0,0.0,0.0,0.0,0.0,0.0,0.0,1.1034508110992993,1.9581033762794793,0.25927773418729,rowing,jakob
0.18578029320738176,0.6157707891645682,-2.214684,1.2540922,0.25318086125,0.7000000000000001,0.352835643609065,0.22391342912913628,0.1438455229925486,0.2982373049431223,-0.4302396,1.0685178,0.07984582625,0.7000000000000001,0.15799360143535338,0.0651198073281349,-0.8344669777648114,0.5373982512787777,-1.6965406,1.4054819,-0.932297728125,0.1,0.14767455475046917,0.8405946637883159,0.0,0.0,0.0,0.0,0.0,0.0,0.0,0.0,0.0,0.0,0.0,0.0,0.0,0.0,0.0,0.0,0.0,0.0,0.0,0.0,0.0,0.0,0.0,0.0,1.188413551985473,2.4142358344468327,0.3089802685658875,rowing,jakob
0.15546386100759702,0.652877880836703,-2.484255,1.621822625,0.20840493875,0.7000000000000001,0.24877881115566627,0.23708110872885899,0.1515216133048756,0.2784592279232767,-0.352103,1.2360232,0.09229884925,0.8,0.10698293827403067,0.06168980556443859,-0.7369376543783297,0.5044810860788081,-1.8166758,1.5402674875,-0.797969934375,0.1,0.13321414450738245,0.6702005742574846,0.0,0.0,0.0,0.0,0.0,0.0,0.0,0.0,0.0,0.0,0.0,0.0,0.0,0.0,0.0,0.0,0.0,0.0,0.0,0.0,0.0,0.0,0.0,0.0,1.1076969446035019,2.5503712340452838,0.347656737053972,rowing,jakob
0.19009511629577025,0.6683408361832217,-1.9050677375,1.6989825,0.22903788125000002,0.8,0.2964672225830809,0.25925263220808165,0.14117250846997065,0.29477066089577314,-0.3701720799999999,1.2100182875,0.065439396,0.8,0.12555073770821804,0.06333116377377158,-0.7617303437207286,0.4184796195271325,-1.455294,1.3312521,-0.8265036957142857,0.2,0.08209868163659043,0.6677096459075719,0.0,0.0,0.0,0.0,0.0,0.0,0.0,0.0,0.0,0.0,0.0,0.0,0.0,0.0,0.0,0.0,0.0,0.0,0.0,0.0,0.0,0.0,0.0,0.0,1.1140204797382993,2.235968051417531,0.32147531385780287,rowing,jakob
0.11818278579268214,0.6638696949301588,-2.1594388,1.4064586,0.19122534507142855,0.7000000000000001,0.30413966365876594,0.23411007841933001,0.13304497769780577,0.246389303659665,-0.30522105,1.1193067,0.08152793793055554,0.7000000000000001,0.08491289812134548,0.04802450217740867,-0.7706369374821667,0.4557417963093451,-1.4460152,1.5962188142857143,-0.85071211,0.6000000000000001,0.09619403641113237,0.6976278036286648,0.0,0.0,0.0,0.0,0.0,0.0,0.0,0.0,0.0,0.0,0.0,0.0,0.0,0.0,0.0,0.0,0.0,0.0,0.0,0.0,0.0,0.0,0.0,0.0,1.1120666597811901,2.22614647850292,0.31205233805746924,rowing,jakob
1.5119951780232723,3.521698668716345,-4.5641537,7.969932,0.5103906712499999,3.2,1.2960307656322,8.481125066014226,-0.9842740911611375,1.9214522288762559,-3.853110475,3.2773416,-1.35353328375,3.2,0.6865266874626242,2.8129399114082823,1.4803940368340114,2.26451396332394,-1.5685921,7.922074,0.79848881625,6.300000000000001,0.5775696982139864,4.753027222654135,0.0,0.0,0.0,0.0,0.0,0.0,0.0,0.0,0.0,0.0,0.0,0.0,0.0,0.0,0.0,0.0,0.0,0.0,0.0,0.0,0.0,0.0,0.0,0.0,4.401386882913525,11.694677644821324,2.6986494645562322,running,jakob
1.6509852240566478,3.7415133455448766,-4.7765875,7.969932,0.83569519975,2.7,1.260974509531867,9.718216775789928,-1.5605848253955226,1.6046125698567482,-4.3360925,2.846186475,-2.167863025,2.7,0.4715694318563597,3.72153002456517,1.6608776719916487,2.2015753618145553,-2.160337242857143,7.893261,0.9176514271428571,5.9,0.532186085754935,5.179652703989238,0.0,0.0,0.0,0.0,0.0,0.0,0.0,0.0,0.0,0.0,0.0,0.0,0.0,0.0,0.0,0.0,0.0,0.0,0.0,0.0,0.0,0.0,0.0,0.0,4.830986908558555,11.513727159274614,2.4467245143471126,running,jakob
1.641347426678337,3.8503558827729485,-5.605812,7.969932,1.328322,3.0,1.5970280286009848,10.099236376883294,-1.606309889890496,1.6875517303354775,-4.5711129,2.5394392,-2.15656995,3.0,0.6054612716966107,4.002726796679834,1.5771012819909325,2.272824756147336,-1.326857,7.9020514,0.8239137125,6.1000000000000005,0.5504096002407556,5.067557312682547,0.0,0.0,0.0,0.0,0.0,0.0,0.0,0.0,0.0,0.0,0.0,0.0,0.0,0.0,0.0,0.0,0.0,0.0,0.0,0.0,0.0,0.0,0.0,0.0,4.951739067383447,11.455684322102284,2.4624804861875376,running,jakob
1.4814665625423244,3.6085196846715357,-4.972173375,7.969932,0.651463819375,3.0,1.5898259866693154,8.698972112955648,-1.3557542973930887,1.5300434356506496,-4.0191507375,2.5937073375,-1.7694580000000002,3.0,0.547248417340872,3.007416054792946,1.3998824179070692,2.090487397640625,-1.9192299,7.922074,0.8739699406250001,5.9,0.7327527863335636,4.142572282511425,0.0,0.0,0.0,0.0,0.0,0.0,0.0,0.0,0.0,0.0,0.0,0.0,0.0,0.0,0.0,0.0,0.0,0.0,0.0,0.0,0.0,0.0,0.0,0.0,4.434801252616518,11.316724280738692,2.4584380502218113,running,jakob
1.3681868929501488,3.722709939815119,-4.958255,7.969932,0.7419618732142856,3.0,1.5292060423517573,8.794300133074865,-1.2274648783154471,1.4537142368279237,-4.2618623,2.3523996,-1.6256684125,3.0,0.5272172943659903,2.562256225524332,1.3087707199930003,2.217169179224262,-2.0833168,7.922074,0.6330284537499999,5.9,0.5290694467674337,4.168349713758668,0.0,0.0,0.0,0.0,0.0,0.0,0.0,0.0,0.0,0.0,0.0,0.0,0.0,0.0,0.0,0.0,0.0,0.0,0.0,0.0,0.0,0.0,0.0,0.0,4.415602189177405,11.313072656902476,2.5430722712236715,running,jakob
1.2065827940476643,1.6363411397149261,-5.127720914285715,6.6621219285714295,1.4837189654761906,0.9,0.7089034177261347,2.793311084005147,-0.41722834149533333,1.7556393580857863,-4.081386566666667,3.2920081428571426,-0.7702060714285714,0.9,0.8731100745301937,1.713675018622635,0.6255490515665952,1.5402972417045233,-4.246689571428571,5.197468,0.658563373095238,0.9,0.7729256053564115,1.57638323383109,0.3737351310559048,3.433345130235833,-6.686704828571428,8.372883,0.13230662238095234,0.9,1.8661185714298516,6.02772774146676,0.10439591497041142,1.8250636727992415,-5.055808285714286,4.1747702,0.02761903367571425,0.9,0.8821700676716089,1.674661805453295,0.2797129582897976,4.609449501955257,-10.61734,9.096475428571429,-0.1819888562857143,0.9,2.671534003567243,10.691142430311062,2.886136008795506,8.357473426495744,1.3481597433888581,jumpingjacks,jonas
1.3051967778157143,1.7834830030067912,-3.7238190857142857,7.482804333333333,1.51301505,0.9,0.6046084064504286,3.292364982449653,-0.42492339333504764,1.6236353160528407,-4.463675,4.2387843,-0.674960975,0.9,0.7538172916459834,1.4973386650524174,0.78061882350929,1.5957311115006354,-3.7769884857142855,5.597434471428572,0.8354806724999999,0.9,0.6209485665392581,1.8812718172276155,0.38622398969914284,3.566497436807806,-7.223116166666666,11.327638857142857,-0.15551517017857142,0.9,1.6578893172072475,6.502766708600934,0.06845787644764978,2.143286176787561,-5.6104794,5.350869428571428,0.15230458083333331,0.9,0.8891758927259478,2.2992316458933724,0.2649349294455,4.724198466030966,-9.327434,9.531050000000002,-0.16971373678571425,0.9,2.3438799956733,11.218065535904895,2.9716611277877174,8.566068989575449,1.4211656485978448,jumpingjacks,jonas
1.395472682910331,1.667966004905993,-3.2324293666666666,5.387491571428571,1.6122804214285713,0.9,0.6909488832253752,3.3370163111853373,-0.8641952805759595,1.1774432449835286,-3.2056139,2.5050547,-1.1748881166666667,0.9,0.48890776926361024,1.439327873619154,0.6573933176733333,1.7714491022811707,-4.687948,6.7156182285714285,0.7900047400000001,0.9,0.7823475211855545,1.9996129495874368,0.3782660851184881,4.227528252724553,-8.044909283333334,9.843803,0.15380261214285718,0.9,2.104195111406424,9.070153071041783,0.010777168142845227,2.58115228588481,-6.521514428571429,5.873056357142858,-0.0254374261428571,0.9,1.2651264147836334,3.3279609980829417,0.23644156853569046,4.244572172750662,-6.881652428571429,9.124225714285714,-1.1464294028571427,0.9,2.050072576022884,9.055101968780534,2.978763734059099,7.632226960369703,1.2466245428303053,jumpingjacks,jonas
1.7795340172975238,2.092065437708283,-4.402929666666666,7.998720685714285,2.0116014035714285,1.0,0.8298437420987164,5.352923005208053,-1.0756691024086429,1.4105247241467351,-4.048391516666666,3.9712987,-1.3235351166666667,1.0,0.621951821137445,2.15085985065061,0.9329162412328071,1.5046819547014783,-3.406753633333333,6.447553771428572,0.9999604114285714,1.0,0.6597895225237187,2.0012346395938194,0.26079282201664283,3.9767490931327867,-9.017872285714288,10.666335166666666,-0.5737928142857143,1.0,1.9149834021058145,7.9674019662947675,0.4542557402405448,1.9371615902450858,-4.5972366,5.148002714285714,0.23777229690476184,1.0,0.9002218824976945,2.080773651699157,0.27706983561271414,5.6465356794826445,-9.041609,11.160942999999998,-0.9984298440476189,1.0,2.7053405308482943,16.002528508932656,3.4095462961198693,9.474170628633003,1.4809052559340552,jumpingjacks,jonas
1.6069080592910452,1.6637106345516137,-3.4648058,6.541431271428571,1.8808457785714285,1.0,0.7260261496726234,3.9647361048552265,-0.9683868191483548,1.312553604761837,-3.8952933333333335,2.1763377,-1.2161126333333332,1.0,0.678918570921962,1.7983101157629486,0.7666043911546523,1.9420234196941082,-4.636106728571429,7.99132,0.7547479042857144,1.0,0.9919282460963358,2.4715249681276132,0.100471237202119,4.597295014386147,-8.880345,10.134566714285713,-0.6185264614285714,1.0,2.5521658626028123,10.567112505724054,-0.07665312986939045,2.884969327813412,-6.355429471428572,6.125270950000001,-0.3664574420238095,1.0,1.443594135095225,4.163261792854012,0.4723106712382381,4.558692684086547,-8.410196333333333,9.213409,0.22335193261904757,1.0,2.5791295156577307,10.603538456809627,3.257140478519205,8.626001391250743,1.3245081648117556,jumpingjacks,jonas
0.02332526692662143,0.5136332731010209,-1.1136625,1.6835957,-0.031213712499999997,0.7000000000000001,0.31067892187293944,0.13232179322039253,0.21409950642663975,0.20030031347525667,-0.4635244114285714,0.87456754,0.2310398983333333,0.7000000000000001,0.08135191306341905,0.065878654015458,0.6769576950162618,0.8981835460328932,-2.4006148285714284,3.475377057142857,0.8077605535714286,0.7000000000000001,0.5227380691194495,0.8612361174740774,-0.02728878062408119,1.6059143193880858,-4.546994333333333,4.2666154,-0.28103337142857143,0.7000000000000001,0.9560142244955239,1.2889358205212305,0.09282639832762382,2.7142976146482214,-5.3508694,5.2036552,-0.6502469074999999,0.7000000000000001,1.7244145755208788,3.688641830671952,0.11782136723365,0.6782932469273881,-1.4657279285714286,2.4803452,0.1014442746428571,0.7000000000000001,0.32686047405014523,0.2436927626670562,1.1562224889093164,3.501549493391195,0.5269193029345264,lifting,jonas
0.18526566410140452,0.5938974411042481,-1.2273073666666667,1.4609868142857143,0.19035082428571426,0.8,0.24508516001718084,0.21050578202027959,0.14369947795423713,0.2037793597052437,-0.7004982,0.8235847,0.14766323,0.9,0.052102203535122495,0.04139179102412352,0.7012347300072738,1.0506134037657822,-2.4922055142857142,2.8636427,0.789375325,0.9,0.4146971054691707,1.0430734176851946,-0.06192058892445235,2.2827267745749067,-5.1910309,5.112028,-0.1506756596666666,0.9,0.960000236467531,2.606651802956056,0.12875330869525287,2.926057995765801,-5.2897844,5.494622116666666,-0.21846515902642855,0.9,1.2505230841870143,4.293205241232397,0.09882515461071906,1.1255592110294597,-2.5359323,3.013505857142857,0.05301281685714285,0.9,0.4603645719193277,0.6425748086044825,1.2593532485199839,3.019756643684312,0.6765507095366748,lifting,jonas
0.4924793489087666,0.9894799514386466,-2.4606416,2.7232075714285715,0.5185047625,0.8,0.5673957049370019,0.7315825857908076,0.1822925262547809,0.30515543633732906,-1.1341516,0.8958144842857143,0.1915181432142857,0.8,0.07990108574044621,0.07974392541233574,-0.41070820060114804,0.6054871674010416,-2.279423142857143,1.6233365666666668,-0.44288660999999996,0.8,0.22105408471999882,0.3518055236660474,0.12084575610957733,1.2079750066735477,-3.792685257142857,7.073894871428571,0.11489200396952375,0.8,0.2907420075668983,0.7434774972804611,-0.0843634083082143,2.7850488359648953,-6.754421571428572,4.388784957142858,0.8742533128571428,0.8,1.5583656479721721,3.881490197646492,0.22419353990135715,2.31172924852942,-4.662880842857143,4.9409905,0.8823397761904762,0.8,1.3090816693125797,2.7196367877598453,1.2364372603693596,3.5029974424907797,0.5944664087570597,lifting,jonas
0.05860507704810953,0.5955291063788581,-1.6048236142857142,1.8958858142857145,-0.03096979575,0.7000000000000001,0.3057323292298363,0.1805847211344831,0.07510693811960714,0.19988883906644173,-0.4344068714285714,1.1233147142857145,0.07928598657142849,0.7000000000000001,0.07948273337584047,0.025598848553522055,0.7387613741138239,0.8933616217724497,-2.2868451428571426,2.6130880857142857,0.9361354990476192,0.7000000000000001,0.4271932432709103,0.9444180690227516,-0.13148294624721898,1.5022617599211567,-3.1391950166666667,5.400020857142857,-0.31356098285714284,0.7000000000000001,0.6179628648567345,1.144569723129316,-0.10771440819671423,3.2770132014317723,-7.5429382,6.089907185714286,-0.8225058447619047,0.7000000000000001,1.6071420946373858,5.375640835372977,0.02041087139813262,0.6064069753707457,-2.9916027,1.688163685714286,0.0288407194285714,2.2,0.1173531558242715,0.18409954175315668,1.1978669921468463,2.7882815080808303,0.5583754773650982,lifting,jonas
0.09413864495535,0.5674444164858269,-1.4011488,1.8688284,0.06742118314285711,0.8,0.30576658347951396,0.16969794984027686,0.14809917094309394,0.19675219201599767,-0.3863945,0.87898421,0.13523437357142853,0.1,0.059599770664250734,0.041269735063433954,0.7199788064444981,0.9822990371757963,-2.5451484,2.987186533333334,0.8809202691666667,0.8,0.5760731097495068,1.0003431790585153,-0.14350095359710713,1.8634234831309626,-4.594291228571429,5.768078,-0.3952399914285714,0.8,1.081378679755165,1.7550319313873424,-0.03456252810483335,3.144331748751105,-7.0807886,6.1237655,-1.021642,0.8,1.999036176260073,4.93966416337849,0.07684314670519049,0.9953925022828215,-3.343625,3.0435464,0.13957860500000002,0.8,0.5308247764144213,0.5008125924384033,1.2206030216052763,3.194163056429738,0.6196511398615698,lifting,jonas
0.14347940020647143,0.6655278847057765,-1.4986197285714289,1.6706767,0.047886069928571404,0.6000000000000001,0.3862894883254762,0.24182873000102448,0.09868814693597497,0.2568971056713292,-0.4058903871428571,1.150790171428571,0.06889556957142856,0.6000000000000001,0.11752817552073727,0.04270442716007178,-0.8288945211226143,0.46416391902819526,-2.110671866666667,1.4169903285714285,-0.8811653013095239,0.2,0.08258636469629618,0.7946829574438145,0.20266514375250239,1.1165403189708711,-1.8985642,7.115607,0.0431883559166666,1.2000000000000002,0.22618611068481448,0.6637827530242415,-0.11218449867617286,0.911919447000208,-4.8292055,1.7745549142857142,-0.025757393083333302,0.5,0.24608014487107563,0.42797159708000265,0.022452895569976178,0.8356847726989677,-2.0868832,2.2836526,0.036345411,1.2000000000000002,0.3122573847275662,0.34934117950065047,1.1577213486868312,2.218468456640622,0.3175235047458347,rowing,jonas
0.055465253640166655,0.6699288057352417,-1.5501296857142857,1.8244459,-0.06126809385714285,0.6000000000000001,0.2726314599149999,0.22725453025028167,0.15522491277283593,0.2597790337166058,-0.4568297885714286,0.94049695,0.14381065857142855,0.6000000000000001,0.08459805870926666,0.057803760700438175,-0.8204990722885833,0.49760128261696396,-1.9468165285714285,1.5832804857142857,-0.9012662828571428,0.2,0.09669172860627706,0.7968984423459018,0.2250913031193446,1.0120335920442005,-2.041124342857143,5.911016149999999,0.07249448099999994,0.1,0.24259328258831978,0.5622618945361251,-0.15702314022234048,1.0204304923592928,-4.884996333333333,2.678412557142857,0.0111843223238095,0.6000000000000001,0.3219745502671768,0.5447819748497759,-0.023149412481200005,0.8137124630076966,-2.2943642714285715,2.148742485714286,0.03227309834523805,1.1,0.3646887265683144,0.3312688186374966,1.1650282217002195,2.3564653702960316,0.32609564138383623,rowing,jonas
0.00229322377359048,0.6110249917829119,-1.6090355428571428,1.6072279,-0.0959862941666666,0.6000000000000001,0.32834493639372353,0.18649435446377158,0.12831997686887905,0.2670466202915976,-0.4378914,1.1017019714285714,0.09400701,0.6000000000000001,0.10407255853016675,0.05208745385631459,-0.8219619156314285,0.5418455540454729,-2.25815,1.580458,-0.914248665595238,0.1,0.12011539401962809,0.8222729433544481,0.26458985310407995,1.118311802688746,-1.9499262333333331,6.4941718,0.09315421,0.1,0.2686472701156642,0.6946933029537543,-0.10666944175147142,0.8760947230829401,-5.143574,2.287164933333333,-0.012318752858333299,0.6000000000000001,0.285435168065445,0.39476559464778854,0.015424944910129995,0.8630635569437616,-2.3441265,1.8922520166666663,0.1250709743333333,1.2000000000000002,0.31377206725847967,0.3723052701902277,1.1532102391384986,2.2597642008543604,0.31594685191601746,rowing,jonas
0.09035851716839526,0.612426420082433,-1.403274342857143,1.6612772142857144,-0.01395116357142855,0.6000000000000001,0.3490338058342434,0.1955103821553143,0.0816713669671249,0.2734993356717624,-0.57015526,0.8220166114285714,0.053631179,0.6000000000000001,0.13716409696494555,0.04403375990594072,-0.8596960757775047,0.47186465843620007,-2.179709085714286,1.3982957857142857,-0.9153474214285714,0.6000000000000001,0.08503949917547529,0.850297731367709,0.18678566032023333,1.1175964553863253,-2.5090551333333333,7.08873,0.050802131,0.5,0.24167611962530888,0.6587769577148037,-0.1088397483455233,0.8833138198458335,-5.5558085,1.7408056285714288,0.00753378241666665,0.6000000000000001,0.2868007834679007,0.401579015871316,0.05324540943337523,0.858227738673411,-2.3948267,2.3461115,0.0098390037738095,1.2000000000000002,0.3190201159842291,0.37074453775551214,1.1482397098129298,2.189849267085513,0.3277452372042997,rowing,jonas
0.10319796790804,0.627975784022515,-1.574608357142857,1.9617782428571429,0.01724185962499995,0.6000000000000001,0.36005072359719614,0.20762967780057526,0.13242691388161285,0.3133583657297784,-0.5919552842857143,1.2658056,0.09058455124999995,0.6000000000000001,0.16971635334325388,0.06658517253606369,-0.864186030669443,0.5157650779964349,-2.611502542857143,1.9489552,-0.9121329071428572,0.30000000000000004,0.08150673710794398,0.8796916845355824,0.18873374196460238,1.1944571890016809,-2.3196924,7.494332300000001,0.12227126166666664,0.2,0.25346093296359506,0.7482738178910451,-0.12404830515337809,0.9008959333367833,-5.633647857142857,1.91129015,0.00744651958214285,0.6000000000000001,0.23931484628389108,0.42078898220795213,-0.0111557573867238,0.9358626288910339,-2.7265167,2.2451182500000004,-0.02188142142857135,1.2000000000000002,0.3076751319332894,0.4376070905282665,1.1873654020867317,2.8776080184194717,0.3508458409930875,rowing,jonas
0.9053199125830647,1.106502131686169,-0.9393332866666668,4.714726414285714,0.6363895119047619,2.5,0.35338021357852245,1.431165528067392,0.4218209054969524,0.7846653744911034,-1.193453785714286,2.35192585,0.44963497666666663,2.5,0.3022306361485826,0.48547498606596107,0.39398047769702144,0.689161745451322,-1.247137285714286,2.9559042000000004,0.279640295,1.2000000000000002,0.16292762682039086,0.3924554095212716,0.25703526122166664,2.2533681554349507,-7.463586500000001,5.879252,0.45599747,1.2000000000000002,0.7392683467403692,2.602363933703724,-0.3338729414044419,1.7912588985739732,-7.0086067666666665,4.206097971428571,-0.24898570864285713,1.2000000000000002,0.6751127097200198,1.7141722035411668,-0.05944270983729524,2.8530485688086578,-5.565480333333333,7.807646066666667,-0.1446399005714285,1.2000000000000002,1.6374868483249458,4.069406579427273,1.5634181962208982,5.494901330253515,1.0110286831141786,running,jonas
1.069941295423631,1.245213756938291,-1.2935685428571428,4.606962785714286,0.7786212321428572,2.4000000000000004,0.4976922285812513,1.9192777878605873,0.4173354936012381,0.8103540174558811,-1.6178586333333334,2.220517285714286,0.6177516095238096,1.2000000000000002,0.370358320564646,0.5021800542065881,0.4057932157438262,0.7089639320399213,-1.522462457142857,3.247963885714286,0.34725567785714284,1.2000000000000002,0.2014395195729692,0.41573291414385005,0.49218805727652626,2.254478394595711,-6.447601985714286,6.1064873,0.7113316257142857,1.2000000000000002,1.0913769290281359,2.7810614240244615,0.0641898439272033,1.442690623162526,-4.685722,3.5149678666666664,0.23135839508333328,1.2000000000000002,0.5412029836690899,1.043762560657484,0.033569024594244094,3.0305675667877043,-6.266267485714286,7.760814385714285,0.17439689142857134,1.2000000000000002,1.754782214572651,4.588709849490892,1.7223733441815772,5.787138712999276,1.1069859236329753,running,jonas
0.9644907085382738,1.1351106784438612,-1.6278780714285712,4.62331335,0.7092436200000001,2.4000000000000004,0.4508948899032231,1.57383631199742,0.45195826684319046,0.8548899432806435,-1.5993616333333334,2.499841014285714,0.6095121866666667,1.2000000000000002,0.3841484050716127,0.5693196736621978,0.30960889230662475,0.6113983762143278,-1.0982391714285715,2.870015,0.23663438178571425,1.2000000000000002,0.14844484084761406,0.2825749032218345,0.37671340020081573,2.203912950411162,-5.767467000000001,7.943457533333333,0.4230117442857143,1.2000000000000002,0.9339917101437353,2.5681032463604403,0.04545502304993289,1.4174382501843206,-4.0926766,5.1925073,0.06996382587428565,1.2000000000000002,0.3593222090127995,1.005627912475995,-0.03476791614559047,3.174571758498339,-8.174409333333333,8.96156557142857,0.1668922,1.2000000000000002,1.7430883844658076,5.035124110811908,1.6210667331527693,5.308353455609074,0.9971113611764719,running,jonas
1.038861726817362,1.1321284468342758,-0.6748565000000001,4.4945307,0.85675734,2.4000000000000004,0.375092064479985,1.719460519709054,0.3216449725436357,0.7100880034682173,-1.013526,1.9593521285714288,0.51146275,1.2000000000000002,0.36322046141318215,0.3553159666736215,0.23897544924244524,0.6096717451247416,-1.5306380999999998,2.431788157142857,0.1491016925,1.2000000000000002,0.21413285978451843,0.24277485948599142,0.4524484134282476,1.963971429334812,-7.922230875,5.707807750000001,0.5831409726190476,1.2000000000000002,0.9761546473975944,2.131372871648148,0.02618508818356429,1.261869334266649,-4.614951133333332,2.5082915,0.10373495714285715,1.2000000000000002,0.4348330857995157,0.7960467583882332,0.04407617072097625,3.04781881626269,-5.74792,7.26725,0.11081060261904754,1.2000000000000002,1.872150041168341,4.641898096232596,1.5754635465809301,4.757856014343809,0.9560904526624026,running,jonas
0.9935619102855093,1.236242414349671,-0.9667724171428572,4.7019615,0.67080134,2.4000000000000004,0.4839448455843829,1.7505619040150981,0.3689244423802857,0.7793708603894185,-1.2724609571428571,2.1712851714285715,0.5107157635714286,1.2000000000000002,0.3465013612914715,0.439511011467863,0.35236736928155926,0.6489504210914084,-1.0991698666666665,4.079745483333333,0.26236287,1.2000000000000002,0.2000719167231207,0.3345205377907523,0.3773997626622286,2.0750756102511554,-6.2989044,6.927619,0.41690326,1.2000000000000002,0.8459291261707953,2.293247286559414,0.0025197247073286276,1.5327228270914885,-6.841991257142857,3.130134,0.2079280478571428,1.2000000000000002,0.3920971096902529,1.1734558000815163,-0.043964152144609976,2.9487536113258126,-6.020358,7.104939,0.17396057499999995,1.2000000000000002,1.5933206341762725,4.345161368513415,1.6302064270718557,5.636071510066282,1.0701867241983212,running,jonas
1.9530047153228347,2.2501394095557385,-4.379585,7.373906,2.11616,1.0826771653543306,0.8631003744401509,6.343303836154206,-0.7339789320171259,1.4706564222080893,-5.7533236,3.193662,-0.71665763,1.0826771653543306,0.6368721894963184,1.619088469455901,0.3939343627936024,0.7199283073301653,-2.1912866,4.372084,0.294590365,1.0826771653543306,0.23171791036348202,0.41408749774200326,0.49457989207677167,2.2290720654273906,-5.225494,7.0000577,0.22036963999999998,1.0826771653543306,0.7935264225286518,2.7266056830854746,-0.23806037651978346,1.8208970631437245,-5.1031685,3.771024,-0.17760907,2.0669291338582676,0.7290445704669756,1.7129608463618846,-0.11908864693897636,7.08235836110488,-10.651352,12.475395,-1.05679685,1.0826771653543306,3.5499878246386825,25.06964499469382,3.196994865497082,7.913042007315203,1.4906814486632451,jumpingjacks,klarazwettler
2.2207196540423233,2.5258385056193,-4.7418013,7.5085483,2.6333244000000002,0.9842519685039369,1.0198401626909044,8.118508420415337,-1.1541340415374015,1.440582887935546,-5.3550076,2.8171155,-1.25089615,0.9842519685039369,0.5795467920525788,2.3686667442830975,0.09298812938464567,0.7503980960042088,-2.6795466,3.551,0.0,2.0669291338582676,0.19242910080531825,0.28992695286069203,0.5372454615392717,2.330956628730872,-4.808884,7.5800743,0.14584407500000002,2.0669291338582676,0.852378604812099,3.0026392626622287,-0.15977027358690937,2.170007852960157,-6.478837,6.5968866,-0.11262828,2.0669291338582676,0.6669801592510033,2.377677548693783,0.049068214875000016,7.397347349543426,-12.968059,12.527166,-0.374384025,0.9842519685039369,3.8547760251685403,27.335985714039403,3.6862663949396666,7.974704037827652,1.3926643136043455,jumpingjacks,klarazwettler
2.2856696729988197,2.5680066460835946,-4.582889,8.082484,2.7029016,1.0816125860373649,1.1480844104546608,8.518372709759154,-1.3777341723785643,1.4988596038684516,-5.677222,2.701438,-1.4663051,1.0816125860373649,0.6732453780571738,3.0203369924645407,-0.28910990817242876,0.9173548877013127,-2.6391172,5.3870826,-0.32154313,1.0816125860373649,0.22651496452294528,0.503940797523293,0.6924408325506392,2.3122449506142018,-4.745812,6.4730334,0.44959682,2.064896755162242,0.7600383363932283,3.150084109448282,-0.12466861608328417,2.5586040915556136,-8.248055,6.527553,-0.2443461,1.0816125860373649,1.056510722996874,3.285551199766469,-0.19894655395624386,7.7035521984851805,-13.658488,15.841568,-2.1384866,1.0816125860373649,4.067084413517745,29.682761608608565,3.887626707059867,8.50124184619845,1.4334015937733007,jumpingjacks,klarazwettler
2.399962679177953,2.66997287013377,-4.790706,9.351399,2.83104925,1.0826771653543306,1.2556679511573856,9.320701859651942,-1.3281567612746064,1.6743707956204414,-6.463426,3.6033812,-1.3334924,1.0826771653543306,0.8316328167048093,3.1643796045128947,-0.36542390529498037,1.0235847592111496,-3.4586773,3.5276449,-0.4106337,1.0826771653543306,0.40309660344929404,0.6568825903289024,0.6411484636195867,2.461816018608734,-6.766402,10.094853,0.25831963999999996,2.0669291338582676,0.7052550566782029,3.4383580648310317,0.23232585354822838,2.9191247235044613,-5.7221274,8.705746,-0.312610285,1.0826771653543306,1.4503568006749008,4.310502967197615,-0.078571352347933,7.652764980608229,-12.812746,15.528653,-1.52716315,1.0826771653543306,4.395661459962963,29.25975819409095,4.03564298685165,10.16073088234972,1.6250533757855512,jumpingjacks,klarazwettler
2.269449208858407,2.6843737319167187,-5.3524466,8.709716,2.5483804,1.0816125860373649,1.1057493536419594,8.749788172712021,-1.2464545409606689,1.5618050203276097,-5.8273525,3.2973876,-1.270623,1.0816125860373649,0.6163750249208837,2.77206715290018,-0.29029783182586033,1.0653445082935458,-3.564659,4.575084,-0.46295384,1.0816125860373649,0.4442154457333361,0.6511942982684182,0.47732527036489675,2.625417145820957,-5.673411,8.6006775,0.21273382,2.064896755162242,0.9107353609018543,3.6708582104859473,0.17682972154090462,3.2106959171205847,-8.426275,10.698999,0.0,1.0816125860373649,1.380246783379507,5.1804847605334245,-0.0048381174886921565,7.193168237421391,-11.658516,13.737138,-2.5961773,1.0816125860373649,3.571324808043827,25.845419671155433,3.9190639270179717,9.279270822544772,1.5810432120006104,jumpingjacks,klarazwettler
0.4794079521795079,0.6528637107895985,-0.85931844,1.4574021,0.6726307,0.49212598425196846,0.4203686896351798,0.4427379752622487,0.5961752572736221,0.17603889623390195,0.0,0.93889624,0.607840335,0.9842519685039369,0.0607576077509985,0.37090620602213165,0.056259884465956686,0.15638382505080384,-0.28507763,0.688028,0.035215471,0.49212598425196846,0.06323619255216817,0.015381101518063274,0.07351546836614171,0.45867475096976673,-1.4743233,1.400714,0.017562376499999997,0.49212598425196846,0.1996688150675403,0.11049946219881236,0.034409420156151574,0.5747997713073157,-2.9164233,1.1496484,0.095829482,0.49212598425196846,0.1729551152619774,0.16621929670958185,0.04843226366850387,2.0454381849360184,-3.26874,3.6453383,0.0,0.49212598425196846,1.3389387214538797,2.0922239860533463,1.0212442597533054,1.6958703092579708,0.20938629983117762,lifting,klarazwettler
0.4079672572985236,0.6572259795245758,-1.0442072,1.2361697,0.5222561,0.49212598425196846,0.381359617722349,0.38219914400252447,0.6201542336663386,0.18464330874198626,0.0,1.0521346,0.6430863,0.8858267716535433,0.04526348813516205,0.4016212509297264,0.08669923270925001,0.13957073133990858,-0.23781876,0.6816861,0.077900885,0.49212598425196846,0.046123556005436196,0.017247171638716377,0.0816406970517815,0.42808900801507316,-1.2473868,2.0899227,0.07139487750000001,0.49212598425196846,0.12203273921645132,0.09820537489451697,0.04882938672062009,0.3834285378060873,-1.2411255,1.1863003,0.058184915000000004,0.49212598425196846,0.13387723367659896,0.07582071841028026,-0.05168124329281492,1.9817234518853755,-3.235448,3.235295,0.042149703,0.49212598425196846,1.183423414945952,1.9643542101840266,1.0115729166646663,1.5245794317716637,0.1924609821049489,lifting,klarazwettler
0.4795347118278543,0.6587038949033122,-0.942372,1.4228269,0.6621728,0.49212598425196846,0.4227884563096332,0.44668556896534045,0.5878871928051181,0.1889670262088613,0.0,1.0112176,0.588814865,0.49212598425196846,0.0664654192104656,0.3634520465847935,0.060475309198488196,0.18466409075739984,-0.46057564,0.810901,0.038904707999999996,0.49212598425196846,0.07058167551920276,0.020691214993233308,0.07101609132096455,0.5037573002464323,-1.3765849,1.9459113,-0.0021380284,0.49212598425196846,0.23037006671291813,0.13180431595347777,0.04998949056082677,0.4235593002759311,-1.0305296,1.2548699,0.0413861225,0.49212598425196846,0.15068379223631598,0.09211211111141393,0.03968114418789366,2.092381703820033,-3.4162638,3.3157766,0.20822869,0.49212598425196846,1.3478162749416454,2.1884829318515266,1.027102561441639,1.5261891707373456,0.21177954338878466,lifting,klarazwettler
0.531857959778878,0.6332963113023359,-1.0257916,1.3381268,0.71488928,0.49212598425196846,0.29708840329729036,0.4832076256545627,0.5371531249109252,0.19926971864937115,0.0,0.94157934,0.555886085,0.49212598425196846,0.06091518723688716,0.30836814850761596,0.19563887522359252,0.219266281971507,-0.42093918,0.9234075,0.17687007500000002,0.5905511811023622,0.060926996200216306,0.062289761029133944,0.12435211230669291,0.6918125638298687,-1.4187346,2.05098,0.03810272,0.49212598425196846,0.2504690983098121,0.25453377256084914,0.11867770767504922,0.6180174827684233,-2.1616993,1.5658003,0.12431107999999999,0.49212598425196846,0.21497317173663744,0.20486947110909537,-0.09521305688877954,2.0892974079026785,-3.1945198,3.3706017,0.0,0.49212598425196846,1.017314750847364,2.1895190469458083,1.0319912288118602,1.4959305886748422,0.22508597702721597,lifting,klarazwettler
0.5036539281728615,0.6225803889672649,-1.0131688,1.3422124,0.70699245,0.4916420845624386,0.36021639241118497,0.4472798861379248,0.5904606227079646,0.19087084879410027,-0.025428312,1.0109127,0.5833877,0.4916420845624386,0.05883120288826001,0.36684167608081614,0.14708756843199605,0.2210292398294596,-0.807974,0.87858784,0.13415417,0.4916420845624386,0.09183033495583694,0.04603769657157447,0.09413766728600789,0.6627141145420127,-1.3868169,2.3437371,-0.00015271631,0.4916420845624386,0.30888322878724456,0.2282409749227075,0.08940241134238938,0.5404012805548432,-1.4216361,1.9871446,0.1085813,0.4916420845624386,0.21741549745151453,0.1538659871861442,0.035930978741592935,1.937140845627101,-3.5343137,3.3735032,0.2452624,0.4916420845624386,1.1102546704264122,1.8757034690040433,1.0345759544943616,1.5300684349905165,0.21144355694712114,lifting,klarazwettler
0.716574423144685,0.29525059733862746,-0.6097917,1.153177,0.739189465,0.39370078740157477,0.10105090725198894,0.5570410277776707,0.5610037809074803,0.2625876768325953,0.0,1.3270286,0.5580508500000001,0.39370078740157477,0.11754246132062462,0.34917161421831877,0.09072619835189763,0.24221440578434908,-0.39746222,1.0353652,0.039971843,0.09842519685039369,0.11168697230372027,0.037536832773198525,0.05157317008860236,0.4101898225409104,-1.1484267,1.4445436,0.039400806499999996,0.8858267716535433,0.12171153004970194,0.08670731225317227,-0.07598989304242126,0.5954809167585414,-1.8869628,1.529912,-0.09033169599999999,0.8858267716535433,0.19944697913582185,0.18290749793909322,0.01993338654655512,0.44983738251705224,-1.1600331,1.3883439,0.0,0.39370078740157477,0.17161249018438463,0.10147477340750177,1.0288256236718372,1.3746128797408381,0.09674951619389993,rowing,klarazwettler
0.7827705929610836,0.24480672273734755,-0.011768979,1.2070217,0.77931374,0.4926108374384236,0.08252651311890045,0.64266544462256,0.5151026841773398,0.2554572864361711,0.0,1.2973927,0.5185059,0.4926108374384236,0.11641062933270768,0.29792784083588186,0.06479147710768474,0.18140335158712903,-0.28898028,0.7945585,0.04317325,0.3940886699507389,0.06485980029758387,0.02063531305780655,0.03601697567093596,0.4162235837700773,-1.2567025,1.193478,0.065973446,0.8866995073891625,0.16785126070722006,0.08783291745767108,-0.008945717091536949,0.5457686560693257,-1.5532776,1.6055065,-0.029932396,0.8866995073891625,0.1597196862856857,0.1488650080764424,0.027773153680000003,0.3936239384430343,-1.0352639,1.1478158,0.03145956,0.4926108374384236,0.13625996628444317,0.07816492549598376,1.0236435743648202,1.3526736382202786,0.08923822877317775,rowing,klarazwettler
0.7715625160029499,0.25347920376388383,0.0,1.273367,0.7759599,0.39331366764995085,0.09692613539576389,0.6274029806281501,0.511083012492822,0.27401447029787646,-0.063540295,1.2062899,0.5060051,0.39331366764995085,0.12989556253596937,0.2987108962052217,0.031756775626253696,0.20787029155187867,-0.43563515,0.515213,0.014878917,0.19665683382497542,0.06701221355001467,0.022592277970064547,0.036332517026696175,0.5189277966879013,-1.508379,1.1452196,0.06093381,0.8849557522123894,0.13634844442254962,0.13583068852219016,-0.008030446579154379,0.6382441953053919,-2.3066273,1.662317,-0.011301007,0.39331366764995085,0.17042936047195975,0.20354204131045323,0.017473028068239912,0.4848028749344814,-1.329701,1.3040446,-0.012675454,0.39331366764995085,0.1652293695930087,0.11770666796132591,1.0227538807165641,1.3154064538416397,0.10748686100863065,rowing,klarazwettler
0.7206516826476378,0.27527462601391905,0.0,1.208912,0.709523125,0.49212598425196846,0.1254318633326549,0.5571941674000698,0.5964404214675197,0.2778405185628193,0.0,1.2240958,0.58799163,0.49212598425196846,0.13888484417171892,0.3943037722140828,0.07865796460519292,0.13351362174150816,-0.26769856,0.5483857,0.0710712225,0.19685039370078738,0.047065384957977026,0.015091543261012114,0.056087471100984256,0.40874560046468295,-1.1528554,1.234406,0.04505131,0.8858267716535433,0.1734892738877834,0.0866000678641588,0.0035459932181594674,0.4979395671790901,-1.1354458,1.5722144,0.0,0.8858267716535433,0.18738390863195445,0.1238652201627432,-0.015740300478248027,0.5339468327858996,-1.3419182,1.3955216,-0.004428773,0.49212598425196846,0.20596473466329943,0.1426570628282986,1.027371579783782,1.3818615004621475,0.11509812667775648,rowing,klarazwettler
0.8135949165944881,0.25471852712590126,0.0,1.1889108,0.8400185849999999,0.39370078740157477,0.09142384674217079,0.6943534748205817,0.425659617772185,0.2830852097244557,-0.057320416,1.1578724,0.396882915,0.39370078740157477,0.12311597510967,0.22121530441814524,0.04392090508523031,0.23157107935310714,-0.42953727,0.88127095,-0.00579302075,0.09842519685039369,0.09810896600388827,0.02871537620890744,0.023548825614999998,0.43211418733416346,-1.9543107,1.5957327,0.040317107,0.8858267716535433,0.08738152991736074,0.09383150704589785,-0.050205187240354325,0.5103005241059945,-1.3255776,2.7878363,-0.060093868,0.8858267716535433,0.11364505906614582,0.1326084603278313,0.00798739351287401,0.4716861273585506,-1.189202,1.1420126,0.0,0.39370078740157477,0.17244230156038448,0.1111989262772081,1.025148368295027,1.4460855915570061,0.09631386721815076,rowing,klarazwettler
1.0447853988998035,0.8906843000608815,-0.47551554,5.0833454,0.8305972,1.376597836774828,0.33172624882534546,1.4878457621696293,0.24597131647708947,0.5837741137576916,-1.3409319,2.851081,0.24873403,1.376597836774828,0.23808510349068962,0.23073044868083709,0.11993984711032449,0.39730769967345725,-0.6872962,2.0906098,0.03969744,2.753195673549656,0.10013181643253344,0.09323466365608256,-0.3278026322479843,1.7583425023514851,-6.69096,5.3001723,0.0,1.376597836774828,0.7907460564701424,1.651818700057229,0.02433865308672567,1.3112929821680146,-5.3662987,2.8260152,0.06001751,1.376597836774828,0.3290409742697709,0.8594916392791174,0.14391958272212388,2.84854142850209,-4.350582,7.6568904,0.0,1.376597836774828,1.6607888258392363,4.073817704801731,1.3155766178984132,5.9211434238770275,0.8769016847931136,running,klarazwettler
1.1098245769077757,1.251840802350662,-0.40874338,5.476783,0.6056756000000001,2.6574803149606296,0.5524084306065649,2.014499641732903,0.3163444962844488,0.8936921941826448,-1.4945993,2.3423927,0.58850995,1.279527559055118,0.35277250711779046,0.49902861909557505,0.2789342595445276,0.5899280933848927,-0.7680936,3.2539701,0.100798565,1.279527559055118,0.15090677531779764,0.2516480184245839,0.4194155094278051,1.9337176416865762,-6.1523294,4.242917,0.7109708,1.279527559055118,0.6720880020580795,2.043746903381904,0.17959633600349412,1.3137161599772587,-5.2490125,4.4020476,0.20051652,1.279527559055118,0.3672543264646077,0.8945006446760152,0.016635553721456694,2.6420658136378368,-5.7354136,7.178125,0.029168815,1.279527559055118,1.3156506688839253,3.487097867879,1.6873944270886072,6.34151436303251,1.1578844065001805,running,klarazwettler
1.2773606008801768,0.8787917316527546,-0.56777704,5.072857,1.2156807,1.376597836774828,0.3625823077906545,2.0174078756461515,0.14792466787791542,0.7595721613049591,-1.6797931,1.9598094,0.06591848,1.376597836774828,0.451174006523663,0.3100729886456305,0.01597648210554572,0.3827347280223262,-1.135615,2.490328,-0.042319544,0.19665683382497542,0.08152605071942413,0.07342616537814493,-0.11733027581050146,1.6684326669541214,-6.619183,5.705634,-0.0693332,1.376597836774828,0.7326618036367297,1.4042316075776171,0.010326293867207471,1.3129271233712345,-5.2381697,3.549585,0.16126843,1.376597836774828,0.5118416311154673,0.8611479663589979,0.07217610683480831,3.9834363494146388,-7.9496474,9.605551,0.28970283,1.376597836774828,2.536530043429155,7.9312907041811265,1.5911553269869396,5.139988513475046,0.8188031645782364,running,klarazwettler
1.1538393556582105,0.8624817713863672,-0.69851637,3.9299242,0.9498116,1.376597836774828,0.37948503781615406,1.7029169414923744,0.2540971344486529,0.7140551093235746,-1.7402234,3.544475,0.18592548,1.376597836774828,0.31988381531419047,0.31925202745061154,0.13235501443536676,0.4353620848145289,-0.7619957,2.6980233,0.05847902,2.753195673549656,0.13409648632889093,0.11219473638126871,-0.10121337649459193,1.9673099063571688,-6.436076,4.331798,0.018784106,1.376597836774828,0.8590577097308009,1.9434954749823548,0.1630433574284169,1.3654655553681427,-5.241071,3.2059736,0.40958515,1.376597836774828,0.5766998869368765,0.9579145630599276,0.11116170480063911,3.3884304808746744,-5.862779,7.0567155,-0.16798794,1.376597836774828,2.0381858226613376,5.747442716993784,1.4696754989996277,5.4140793550421105,0.8629238644053917,running,klarazwettler
1.1600973057728612,0.8198831332238845,-0.8267556,3.125914,1.0021926,1.376597836774828,0.4091370345310111,1.6815994490184494,0.17377893625476892,0.5609206625614374,-1.0429267,1.832668,0.15433827,1.376597836774828,0.31304307786448593,0.18736042720273957,0.14520344998363818,0.40323410102647345,-0.63101244,2.8964496,0.07835823,1.376597836774828,0.08636466589538891,0.10230297211051288,0.17270127619646022,1.8613309232565727,-5.1415,6.144541,0.059101213,1.376597836774828,0.787970234288035,1.7603988137719135,0.22482468609292036,1.3455194870206906,-5.56315,2.9043589,0.3013093,1.376597836774828,0.6027139699350459,0.9548674044677641,0.17673827185398233,3.558699826819202,-5.2957435,8.091215,0.0,1.376597836774828,2.1943283310321786,6.357182320730786,1.409217276405737,4.077258840281344,0.7767875702215522,running,klarazwettler
0.9923485851744511,1.8974442736255521,-4.01929241,6.5613382,1.288317,0.7992007992007992,0.9059033490480517,2.783104751218214,-0.2670810022817742,0.9204802963110386,-2.0611264,3.651666266666667,-0.321515698,0.7992007992007992,0.3649129702112715,0.49455103095908653,0.17935881437640525,1.342859479780129,-4.0982271,6.434104766666667,0.018751094,0.7992007992007992,0.6039754294116326,0.9329046404560274,0.28679985049867024,2.413538831439509,-6.80569352,6.501561177777777,0.258006623,0.8991008991008991,0.5636038322041128,2.9919293245089915,0.6532747327408298,2.741134655403318,-6.101218919999999,6.2054955666666665,0.12102412,0.7992007992007992,1.2037772689574582,4.179924319521053,0.24120956976497393,3.2569097194602152,-4.98385684,8.675625777777777,-0.3356266311111111,0.7992007992007992,1.6964812659193635,5.356614084875083,2.3225317709846744,9.11955670896689,1.393071486650569,jumpingjacks,lukashenzler
0.5110416529290698,1.2787756386815916,-3.5789860777777776,4.88587362,0.5285918000000001,0.7992007992007992,0.5363626705627257,1.0779803213209391,-0.3979310577066627,1.004099818531174,-2.351783633333333,3.08195432,-0.6312502600000001,1.5984015984015985,0.3923724452724598,0.6619537448565426,0.8707905041076501,2.025959119231183,-3.3932432444444443,7.982753,0.3517549288888889,0.7992007992007992,0.8477576881719301,2.8084810734706247,-0.00719094342726718,4.04316889215806,-10.589317222222222,7.042432633333333,0.7417976,0.7992007992007992,1.739489553836937,8.165493613021335,0.7730261819886279,2.0649549608900535,-5.539918022222222,8.471473999999999,0.6502978111111112,1.5984015984015985,0.674512766041233,2.7274590836864907,-0.009561495592823856,2.1502211491448997,-5.655503866666667,6.434962177777778,-0.2691800255555555,0.7992007992007992,0.7563737603528956,2.309507501233942,2.3328929109821237,9.135730042234757,1.5745249434578408,jumpingjacks,lukashenzler
0.46031876856905757,1.123425552642713,-3.26751374,3.5640492000000004,0.5642249500000001,0.7992007992007992,0.43483328518237274,0.842305442788135,-0.09005208329148073,1.0951184640741496,-1.64781868,3.2299872800000005,-0.450032348,0.7992007992007992,0.4090394302784379,0.6071525597012016,0.9859483959012355,2.028480319915446,-3.0123810222222223,7.982535222222221,0.6863578177777777,0.7992007992007992,1.1751945514041335,3.027405132629104,-0.07826283474080696,3.8381045825530573,-9.032878333333334,6.657259311111111,0.6337455655555555,0.7992007992007992,2.196564375129504,7.3642902993809765,0.6171157821888501,2.1374401315236478,-4.21753392,6.265969433333334,0.4602564333333332,0.7992007992007992,0.7806039839635409,2.662875003435661,0.009250926688500414,2.1294119937288776,-5.162686,5.3605917666666665,0.0008483995555555,0.7992007992007992,1.1057417270667642,2.265018366376062,2.351320762574854,8.626638328437824,1.4950427672461222,jumpingjacks,lukashenzler
1.1955856825404596,2.171481369836445,-5.800677044444445,7.654684366666667,1.5687196,0.7992007992007992,1.2625154639117493,3.7847354837097047,-0.4551341119287157,1.2213699344190048,-3.1346950500000004,3.893086333333333,-0.749650422,0.7992007992007992,0.5431914248050839,0.952274191061263,0.4236547266595222,1.4204438142644826,-2.2308821777777776,7.171756499999999,0.09857283,0.7992007992007992,0.529513158054151,1.1873058196698212,0.39246730429582416,2.6199895830094126,-7.789158039999999,7.164276079999999,0.6756904111111112,0.7992007992007992,0.743800343554164,3.582774548516575,0.5186324659299367,2.0682965615655453,-5.041500388888888,5.639647533333333,0.254204078,0.7992007992007992,0.7789173587544125,2.405768179463748,0.4571427292177156,4.092611654645774,-5.748225,10.071344,-0.6096086399999999,0.7992007992007992,2.6017092333185543,8.575348184038672,2.7786714755339927,10.415452802427343,1.5211416333418353,jumpingjacks,lukashenzler
1.0857353719027416,2.242056638559393,-5.459667922222222,7.988037266666668,1.2841331777777778,0.7992007992007992,1.114926350230756,3.68971938496774,-0.32401809502098894,1.2071857965557748,-2.5360117333333334,4.44707059,-0.5953192888888889,1.6983016983016983,0.4130339716983866,0.8329085787511805,0.43212617962639577,1.370971110590672,-2.116807044444444,7.982753,0.0527164913333333,0.7992007992007992,0.4698870401828367,1.1255750861046276,-0.12979348192421467,2.527816972115211,-9.512868333333332,5.9236320000000005,0.353420949,0.7992007992007992,0.9471787131575775,3.208583932622196,0.5898550434626931,2.093207400553164,-5.053742866666667,7.559947333333333,0.370417776,1.5984015984015985,0.6275828391056959,2.536499013122818,0.0017832851426129485,4.071782127078355,-5.95628018,8.2137575,-1.2642502333333334,0.7992007992007992,2.2160934745774905,8.281426601881492,2.6488140014010897,10.166058679102493,1.6770384835283698,jumpingjacks,lukashenzler
-0.3439483015334495,0.31942325722863535,-0.9404817033333333,0.5110969200000001,-0.3751946533333333,0.4995004995004995,0.17348065187909203,0.1692650781130349,0.06882149384365188,0.12757570982639213,-0.246020452,0.4500059355555554,0.0646785726666666,0.4995004995004995,0.053390232876147053,0.01286604923250808,0.47049343999148163,0.8869743735410479,-1.56270098,2.278208877777778,0.683546,0.4995004995004995,0.524235094002063,0.6143328779334266,0.029691741703795092,0.4849986577046967,-1.3736428,1.5616225333333331,-0.046195325,0.5994005994005994,0.13157708450464373,0.11837595415845062,0.14445396412066827,2.731019890200898,-4.895533377777777,4.571402644444444,0.3067980355555555,0.4995004995004995,1.6589216319398312,3.7463762587756104,0.08443857966889377,0.42778033787565456,-0.9266553,1.2545530444444446,0.006795676,0.4995004995004995,0.18889604684128297,0.09853647587087033,1.0695965824971487,2.2999756589613543,0.323411104173582,lifting,lukashenzler
-0.2578231603520958,0.3677258843330904,-1.1061350222222224,1.3462506111111112,-0.369567297,0.5994005994005994,0.1448705190033369,0.13401640139883425,0.08931219640684973,0.15182094200310353,-0.8957331444444444,0.5286318088888888,0.1228696344444444,0.5994005994005994,0.042346698668499355,0.019489954356441148,0.3527124039184283,1.0285486069677137,-1.5421631,3.29998518,0.4267220733333333,0.5994005994005994,0.47037222578398324,0.6528337306347719,0.01336320709156637,0.5622189226944528,-3.2868927,1.87027682,0.03028275124,2.097902097902098,0.08449595073598956,0.15806574665028109,0.1489104672049041,3.1436902167776886,-7.057805499999999,4.671378,0.458349236,0.5994005994005994,1.5038504697539556,4.958631959143157,0.08398650307153997,0.4673137309432466,-2.092355433333333,1.60159566,0.1024950811111111,0.4995004995004995,0.12262751089775782,0.11613571228264984,1.097694196108224,3.5459162132143676,0.4572756569355413,lifting,lukashenzler
-0.3246997577924296,0.3343458209115421,-1.0416968444444443,0.4446295800000001,-0.3949620533333333,0.4995004995004995,0.21022883980251947,0.16126765896471468,0.03671422589746475,0.12409899178211711,-0.2973140777777778,0.4121175533333333,0.033250586,0.5994005994005994,0.03735849697709607,0.00904052167662568,0.41862072029454106,0.9216667197435033,-1.7762011,2.1591076,0.545916,0.4995004995004995,0.6133012411299811,0.5995537681406143,0.02711620565902431,0.479439778820537,-1.7420515888888888,1.76008,0.0098668796666666,0.4995004995004995,0.152716182476017,0.11555172293276181,-0.03154744095228098,2.783338595098913,-6.451234111111112,4.448283133333334,-0.306935474,0.4995004995004995,1.8735301318051782,3.870612491263999,0.06241620223427018,0.362509783104297,-1.1502932666666668,1.0325439444444444,0.066658705,0.999000999000999,0.09609137924126593,0.06953681269411877,1.0704125850654467,2.189658694199502,0.33471112972909745,lifting,lukashenzler
-0.28168671828471475,0.34217657368135584,-0.8485555999999999,0.92138,-0.39291927,0.4995004995004995,0.16324219230705786,0.13783132712630008,0.0557750304781172,0.12170608264645875,-0.5238178244444445,0.39593774,0.0502265084444444,0.5994005994005994,0.03162280880414291,0.010509640514918143,0.3626999902948385,0.969720999722154,-1.5439924900000002,2.3525052,0.48405264,0.4995004995004995,0.5675767881771081,0.6012609819119906,-0.007933767231100015,0.38310296441567,-1.4372387111111111,1.1779426333333332,-0.014431266,0.4995004995004995,0.12246812979440337,0.07337357470447231,-0.074628698990676,2.9892247797802756,-5.2619147,4.215686,0.0990259709999999,0.4995004995004995,1.7882366550055926,4.468838565616357,0.051727944433567985,0.36578464189353305,-1.756864588888889,1.0458468,0.08742751,0.4995004995004995,0.10334668565851768,0.06950814998815956,1.0723613860492631,2.4164054102728154,0.36792750371067956,lifting,lukashenzler
-0.39337944291571647,0.28207511863848267,-0.8550431000000001,0.4558497999999999,-0.46418865,0.4995004995004995,0.14625029442251083,0.1944908289433018,0.01760466701473193,0.12710118106541818,-0.6920221,0.4042309,0.0260442026,0.999000999000999,0.029048013965210333,0.008379210128983416,0.3149561537305306,0.9708871784625568,-1.5948999777777777,3.167929,0.2783157066666666,0.4995004995004995,0.6254356440540124,0.570037495307687,-0.027411910205632144,0.4593155706463515,-2.3716993333333334,1.7843781777777776,-0.0280056522222222,0.5994005994005994,0.08445559911252298,0.10613142952351098,-0.014924598245698747,2.7039663742311006,-5.326460822222222,3.979288,0.3145948288888889,0.4995004995004995,1.7714504573492666,3.652287755107562,0.04576504319074681,0.4226517900607888,-2.04633844,1.21505156,0.0920088699999999,0.999000999000999,0.1526572198525767,0.09132247895926444,1.070749972378368,3.3496104597852896,0.3810510872649356,lifting,lukashenzler
0.9788561793323343,0.132364464094168,0.358950813,1.406037311111111,0.9878387888888888,1.7982017982017982,0.024577507534186766,0.9669108440703104,-0.07976467715655565,0.09923678019117062,-0.4367633,0.2545372177777777,-0.07524491,1.3986013986013988,0.02146497063989579,0.011281453943023772,0.031479091051212126,0.4740240009951925,-1.0955449888888888,1.9601448,-0.0775146857777777,0.4995004995004995,0.18788501386045076,0.1132280727935355,0.0033781287917617345,0.49411369070620503,-1.82078295,1.7979525000000005,-0.0232885512,2.2977022977022976,0.1142355585505642,0.12196362920833316,-0.03368271398907609,0.4514400387153079,-1.8187553000000003,1.4690367333333334,-0.015805672,0.4995004995004995,0.11273984299337479,0.10293178224228863,0.00442897938485868,0.3227604092557763,-1.263842988888889,0.9772962333333334,0.00715454868,2.6973026973026974,0.07144713563526041,0.05205472164408392,1.0863675448588144,2.3239326310171404,0.1927969810996896,rowing,lukashenzler
0.9961636112295482,0.15637470599987877,0.3902057,1.6512921222222223,1.0001159666666668,1.2987012987012987,0.03100730494690679,1.004556250366141,-0.08152958981001329,0.11279947381569212,-0.6459929466666667,0.3815940844444444,-0.082413346,1.2987012987012987,0.014754617444661255,0.013002579155996122,0.02446058401434411,0.4725739896111999,-1.399726,1.4442306,-0.0332539733333333,0.3996003996003996,0.15234652884570818,0.1121498564625538,0.004521414621411917,0.548081767482447,-1.8250588666666667,1.6953302,-0.002078578,1.5984015984015985,0.15229372875538863,0.15006720834836207,-0.027968132501841932,0.46667285461332303,-1.7237957300000002,1.5557363599999998,7.635666666666596e-05,0.3996003996003996,0.08163213829040765,0.10956521005849158,0.010652530893533576,0.44523402424190534,-1.7146481999999998,2.1520913,0.01925696033,1.5984015984015985,0.08956989127984992,0.09913112693523762,1.1026470462332052,1.978348155228148,0.209865500758562,rowing,lukashenzler
0.995030150518,0.24708447889399365,-0.7268344244444446,2.6220129,1.01216285,1.0,0.05763503399538988,1.020580406314497,-0.12451163507436888,0.16251582332573103,-0.99856436,0.9122449388888888,-0.1157350783333333,3.6,0.02092739443836258,0.028695901448077835,0.034983742391109345,0.5335055219767686,-1.1261768222222222,3.12345045,-0.03753775966666665,0.5,0.24239861482274394,0.14339600197996683,0.010708474502967774,0.567495642229309,-2.63931823,2.044734844444444,-0.02104877816666665,2.2,0.13555466129632315,0.16097929775515923,-0.010607710972435552,0.48034959603415794,-1.8007014,1.9292084,-0.023135839999999998,0.5,0.11129891749931617,0.11536520728400487,0.01668487203112855,0.4668066064749184,-1.9253906,2.2980838,0.0468061715,1.0,0.10033059511594568,0.109124322302934,1.1403915383482164,3.9382952477208923,0.27949141113794995,rowing,lukashenzler
0.9826241566055118,0.23434965754969042,0.0082626773,2.0154589,0.9997839,1.3986013986013988,0.04748916550334463,0.9929826816929741,-0.09307210902863548,0.1791504352591655,-0.6200903555555555,1.6708292,-0.1219414,0.999000999000999,0.030724430961300515,0.02469382529799348,-0.027377348923956685,0.5703916719265143,-1.9384972,2.083597177777777,-0.1413090577777777,0.4995004995004995,0.23013693140144767,0.16326033811678356,0.0002958140432310449,0.5755189315934832,-2.5167822,2.01639156,0.0462462273333333,1.4985014985014986,0.1254092148032946,0.16544566224246393,-0.024973811607052313,0.5485988478408308,-2.3932233,2.3635209,0.0055061093333333,0.4995004995004995,0.10228014503248042,0.15095370917441978,0.0013183858445801168,0.4886035297797002,-1.8455732,1.4764942,-0.007253811,1.3986013986013988,0.12734181474703005,0.11924919534062697,1.1351099271588714,2.534609428556645,0.3139035052315777,rowing,lukashenzler
0.9709662887571913,0.21042378319770463,0.0589228166666666,1.701064666666667,0.981346912,1.8981018981018982,0.058140678834595706,0.9648925012032301,-0.13629808095638085,0.11570669587535538,-0.4774939877777777,0.4821745,-0.148057418,1.8981018981018982,0.024382625255972564,0.025264499275185363,0.15501788524751184,0.6015962821794084,-1.43810224,2.3184584,0.0574576227,0.4995004995004995,0.21705490739527428,0.20480880984755298,-0.006796550544250741,0.5577713706177215,-2.5098188,2.4792763666666664,0.0001611959444444,2.2977022977022976,0.11235744470636179,0.15544524498779788,0.009951654815941206,0.49707167370920635,-2.482042088888889,1.948687622222222,0.0369308044444444,0.4995004995004995,0.1130735987123477,0.12351574312791712,0.024520962680944055,0.38178264520575017,-1.59406702,0.985006493,0.0499622143333333,2.5974025974025974,0.07834214770429293,0.07340746551304785,1.1451457290184168,2.478373791978351,0.30542236996549643,rowing,lukashenzler
0.8704434058219225,1.1102768823450917,-0.9918465388888889,5.2753506,0.4862986933333333,2.3976023976023977,0.49572487405314736,1.3734133588377373,0.7937270603067929,1.191381257778588,-2.000523266666667,3.726355533333334,0.934804554,1.1988011988011988,0.5486869694300041,1.33898831129128,0.4275871628871018,0.8418095945224604,-1.56017642,3.9499628333333336,0.290379749,1.1988011988011988,0.2729120459135993,0.5367985108518895,0.2120073692900821,2.5528844660823466,-6.944600200000001,9.211763444444443,0.4017593466666667,1.1988011988011988,1.1853588944635243,3.300301319021187,0.7782267426361082,2.240635409168645,-4.574085269999999,5.8798323,0.8566284555555556,1.1988011988011988,1.2022651443073125,3.11335266556157,-0.012946270985341325,3.085857566222157,-9.4789904,7.315125,0.4054074533333333,1.1988011988011988,1.8180952071583232,4.756669563480145,1.8694891631437074,5.574818405140151,1.1976386706607571,running,lukashenzler
1.0698848159031114,1.1925816643169151,-0.526180098,5.689457666666667,0.59619334,2.3976023976023977,0.6250898876541297,1.855068617234552,0.52896951897438,1.005984402879734,-1.410712411111111,2.85031887,0.80334259,1.1988011988011988,0.5510997841148307,0.7853055646100281,0.47171605210738704,0.9770818473991084,-2.2445334000000003,5.563288677777778,0.290687684,1.1988011988011988,0.3489357013827534,0.6993836344735483,0.587697126013161,2.812781914839453,-12.0662185,8.37273,0.7163456666666668,1.1988011988011988,1.43204881315904,4.2973070430169855,0.9070101590004251,2.1496443104778575,-4.0308588,7.17314528888889,0.79343965,1.1988011988011988,1.1509557849965164,3.130844582161256,-0.15457841418097681,2.792833869159047,-7.1104147,7.017031677777778,0.1632065155555555,1.1988011988011988,1.6889871107438341,3.9199589320457378,1.8884399753482168,7.704687079512082,1.2115271845114772,running,lukashenzler
1.1193007283797445,1.2162197307615548,-0.8070898,5.175683,0.6221298066666666,2.2977022977022976,0.5925909307642172,1.9916904809378948,0.4328773080963015,0.9239585524179357,-1.61312159,2.4759371,0.5992016222222223,1.1988011988011988,0.39584131633088276,0.6138060438778108,0.487667717272321,0.9886335992748783,-1.60044092,4.1847107,0.2912941022222222,1.1988011988011988,0.31864958204058325,0.7260297892903759,0.637292329624806,3.056209899309742,-9.356831333333334,9.245428,0.78138056,1.1988011988011988,1.3179071952881045,5.071685443787657,0.9387453736437751,2.090262534515611,-6.77144017,7.027628111111111,0.75190206,1.1988011988011988,0.7808352799678027,3.0636591918221185,-0.12383983157644579,2.8661577037006802,-8.143637333333334,7.194041600000001,0.3309519622222222,1.1988011988011988,1.3612610810641035,4.118662968461682,1.8864753489967667,5.820653815676484,1.1948443102148998,running,lukashenzler
1.0799487167909874,1.2427845168038252,-1.1141707333333335,5.324115399999999,0.6187495120000001,2.2977022977022976,0.46526361029721336,1.9377744233097476,0.5657959972752414,1.1223228059593444,-2.2629877777777776,3.6332470666666654,0.7225624866666666,1.098901098901099,0.37963259753056516,0.94930017585559,0.43284557448982464,0.9194459098243106,-1.4755908222222225,4.617894733333333,0.2358538655555555,2.2977022977022976,0.21215698076901177,0.6096234137793296,-0.5820169103407054,3.012361095451147,-10.4549715,8.749351222222224,-0.6601053122222222,1.1988011988011988,1.0967139364430605,4.871370741558722,-0.32321758565652414,2.5205451247300115,-7.424924866666667,7.993309555555555,-0.33014768,1.098901098901099,0.9277023585055824,3.277870070115308,0.04107657246827627,2.7841470632784793,-6.825827666666666,7.7775364,0.1530596535,1.098901098901099,1.0777855175605295,3.873552854217419,1.9137596112932544,6.6033714492694955,1.2879470850266714,running,lukashenzler
1.0805469786912092,1.4053167454261926,-1.2240009,6.430713999999999,0.5420621,2.3976023976023977,0.6151517062474905,2.154052879539951,0.6175824975952935,1.246509413106257,-2.01170272,3.7873922666666666,0.773353085,1.1988011988011988,0.5561100426099947,1.1575248830755538,0.36436060487733823,0.8599738951571456,-1.6029288999999998,4.009664866666666,0.2415689688888888,1.1988011988011988,0.27913737568449065,0.5021667924204226,-0.5764698346726163,2.7382824420882064,-10.948368,6.40572613,-0.5039999,1.1988011988011988,1.356926686058927,4.077667486595441,-0.20702906606456753,2.2748652319135148,-6.806136555555556,6.884554022222222,-0.248904984,1.1988011988011988,1.2561950081399784,2.6277820248893375,-0.08366969445240871,3.5054205053953877,-9.185335666666669,9.305816444444446,0.0006956844444444,1.1988011988011988,2.0067747437714045,6.144849228981771,2.012042542374088,7.208332429912339,1.3781591991566944,running,lukashenzler
2.0366170606414697,2.128878562156642,-4.151921,6.6621353333333335,2.575017311111111,0.8991008991008991,1.0332687404162397,6.411607219732928,-0.4323157164380604,1.8268194377903644,-5.230464,5.12709541111111,-0.8406876666666666,0.8991008991008991,0.8974911899831612,1.8538645401622222,-0.08703896575778634,1.0433967089212335,-3.722984,3.1134274,0.07174119,0.8991008991008991,0.2855452006257895,0.5513703331024733,0.28384274480008403,1.6185618834415594,-5.0595736,5.152954,0.3161316,1.8981018981018982,0.2635040386862241,1.3891294263180471,0.17490523191597215,1.3964191612487244,-4.793674055555556,4.241682266666667,0.2374064104444444,0.8991008991008991,0.4624156705309632,1.0046110578851417,-0.2591490786688134,5.8889758436848,-9.879379,13.3748823,-0.19291687,0.8991008991008991,3.3548688744838135,17.38985379317824,3.3416629577838095,8.09517535921611,1.458360669308524,jumpingjacks,lukasschn
2.0058229008374857,1.9950663717132067,-2.4066672,6.6682367,2.346552311111111,0.8991008991008991,0.995547424216251,6.011482266537541,-0.48028786220217085,1.5159069718091733,-3.1408465,4.633721,-0.92038298125,0.8991008991008991,0.714936902601539,1.3785155650341046,0.12867538449703173,1.1242614606056764,-4.943961333333333,3.185485225,0.2625118238888889,0.8991008991008991,0.3888735168461088,0.647907919911727,0.10458410911534133,1.7770363617559277,-4.917572,7.078903,-0.1284065225,0.999000999000999,0.44395129468665784,1.588289599617084,-0.11140044292395347,1.9363905081170063,-6.963298428571429,5.5731568000000005,0.084007265,0.8991008991008991,0.7393601592042345,1.8853412274776777,-0.27698809843823,5.533338969433605,-10.910003833333334,9.708435,-0.2579975125,0.8991008991008991,3.1079457866800317,15.370348855553829,3.1368919843769616,7.499460369238323,1.4025427079153991,jumpingjacks,lukasschn
1.6840902634215669,1.865501615455702,-3.3250144222222224,5.895796177777778,1.7505646,0.6993006993006994,0.5459785738416231,4.574469844156433,-0.3067751056548138,1.2913634914679777,-2.679130888888889,5.074244,-0.7636604822222223,0.7992007992007992,0.3858806684660615,0.9270878221410135,-0.08630043959427822,0.87057759974253,-3.388504,2.9084184,-0.0984897888888888,0.8991008991008991,0.20570713521497563,0.3860218703564158,0.04410759405919224,1.6013406881639014,-5.326636433333333,6.1953888,0.0014038086,1.3986013986013988,0.2953773647744194,1.2828106145036589,-0.11919224464904672,1.7094906555036182,-8.734817666666666,3.4910583,-0.09942627,0.8991008991008991,0.47464588054894663,1.473926222380377,-0.2185554792585866,5.30130101410774,-11.113927333333333,10.426439333333333,-0.4522857655555555,0.6993006993006994,2.37108334494033,14.0856248602411,2.698802666260108,7.467735288291833,1.247180179330665,jumpingjacks,lukasschn
1.6935200687618943,1.994318935433837,-2.8789182,6.796407122222222,1.83822145,0.999000999000999,1.1776328574073258,4.854677564073495,-0.15848480601715506,1.7473996763256274,-3.281097833333333,5.9242954,-0.768609,0.999000999000999,0.8366318307562428,1.5502950705129745,-0.03772200824266805,1.3333812147032205,-4.384948444444444,4.238422666666667,0.1091899477777777,0.999000999000999,0.6335490312695349,0.8894876171003835,0.18349121961638443,1.8125624988099684,-5.085090683333333,6.087222555555556,0.0108718849999999,0.999000999000999,0.44580047993146504,1.6747193833667362,0.041313772419923324,2.5755465708350465,-6.6176605,5.208859,0.44451904,0.999000999000999,1.3591450272471777,3.3151134903990402,-0.2530979940206024,5.053655918892693,-12.30965825,11.382536333333334,-0.243003,0.999000999000999,3.1721707303460063,12.821020705745651,2.9974454944503415,8.809176633049594,1.646936578813475,jumpingjacks,lukasschn
2.013927873511394,2.217483670295638,-3.99796908,7.128990122222222,2.33392628,0.999000999000999,1.0503313337575502,6.512066232966771,-0.4693642335989098,1.948245307326115,-3.7818484,5.58798419,-0.9765469,0.999000999000999,0.9638613266519256,2.1162367385862013,-0.056964918622215095,1.343867082575929,-4.363222637500001,4.843751666666666,-0.016486024,0.999000999000999,0.5515605349851465,0.9053322824886698,0.0071084954805155295,2.178371743215999,-5.768387,5.968709333333333,0.12626648,5.194805194805195,0.43962828356977895,2.370331975084574,0.014002005474598827,2.495630897848945,-5.81027988,6.730972333333334,0.2825656444444444,0.999000999000999,1.1624166309255342,3.1111718694931407,-0.27092221924252674,5.78122469049698,-10.783203,10.709262,-0.1987932222222221,0.999000999000999,3.306796236507568,16.767983725009117,3.498939760048717,9.094012233136882,1.5961776329688546,jumpingjacks,lukasschn
0.016795870148578102,0.055063263921882946,-0.20649086,0.247748904,0.0099891787875,0.2997002997002997,0.015541795167649626,0.0017965683038635492,0.4505740248464682,0.3367775217076704,-0.0921235727777777,0.9917757755555556,0.4198282,0.3996003996003996,0.20124767119472203,0.25966984853345887,0.7483305083127301,0.3807576640263473,-0.0061553633333333,1.5683542222222222,0.7820831666666667,0.3996003996003996,0.2029399416403586,0.6324143332454152,0.05386899714772526,1.0633207364481516,-2.6680738777777773,2.1547394,0.15452576,0.3996003996003996,0.617186820577959,0.5676626024004745,-0.00204341275457535,0.3018348418246235,-1.347819,1.5990702666666663,0.0144297282777777,2.997002997002997,0.05539396990604006,0.04551080477609289,0.015222240453495415,0.0956055755765292,-0.26213074,0.35891724,0.0040028886666666,0.2997002997002997,0.019054283171925104,0.004797363997690484,1.0017005307212712,1.5747718138013613,0.14519298905368297,lifting,lukasschn
0.004872210107831669,0.04643235175019644,-0.2260559533333333,0.16789385,0.0025045913555555,0.0999000999000999,0.007728679544805816,0.001100643171122055,0.4187903278740637,0.3941577847694176,-0.25596657,0.99336214,0.3820400333333333,0.3996003996003996,0.18102943304026164,0.2529879157909629,0.7377652839372405,0.40709906928548434,-0.0816498126666666,1.6720651000000002,0.8404803,0.2997002997002997,0.1653275236293614,0.6270796582454883,0.12663446386603008,1.214669634757663,-2.715301533333333,2.421936,0.2451307522222222,0.2997002997002997,0.577599518846337,0.7530104740531798,0.009956482687056708,0.23933993294107342,-1.1012624333333332,0.7774505555555555,0.020517985,2.997002997002997,0.05388772241555502,0.028712320109054865,0.009122869667886878,0.11148886069396945,-0.44429016,0.4957529666666666,0.0050031872777777,0.999000999000999,0.020339641342732882,0.006291901106041847,1.0110548851849877,1.6771185813301464,0.14289212709503726,lifting,lukasschn
-0.0057126872738783386,0.0719196614124671,-0.2812133,0.296195016,-0.0085327542222222,0.3996003996003996,0.01294166642753827,0.0026162700095174567,0.43033216214112247,0.39780497835528594,-0.198461075,1.055691388888889,0.4162896,0.3996003996003996,0.26011607217311866,0.264231124820131,0.7165356052022416,0.42625895754667037,-0.0956143133333333,1.8728701666666667,0.7762933133333334,0.3996003996003996,0.25313230403468034,0.604180865375077,0.08839215616077414,1.2616994243027753,-2.38880616,2.673812822222222,0.0946960416666666,0.3996003996003996,0.7747167366844198,0.802960744342656,0.015363331786074953,0.4385957727135836,-1.7879486,1.5236121444444446,0.0342491991111111,2.7972027972027975,0.08648941040461866,0.0963230708457995,-0.013353753251164537,0.13614196626662348,-0.5842030944444444,0.6678517733333333,-0.0091908773211111,0.2997002997002997,0.026254588648250084,0.009436382155934167,1.006813869472266,1.874259430437839,0.17254105375476683,lifting,lukasschn
-0.002748198713983837,0.0590369279376835,-0.2032769933333333,0.22410873,-0.0053731534444444,0.0999000999000999,0.011231627976462941,0.0017484910878394916,0.41604018432139134,0.38314120447602734,-0.1818554166666666,0.9889829444444443,0.3787851888888889,0.3996003996003996,0.2519815132423939,0.2464147009878302,0.7240992675480318,0.4708186120243416,-0.1985126988888889,1.5025001999999998,0.8598697888888888,0.3996003996003996,0.28774397058333073,0.6350441076195038,-0.007870993357019029,1.427998415140471,-3.224619644444444,3.0305582666666666,0.2102712,0.3996003996003996,0.9029864055252369,1.0186331181926185,0.000546674839901362,0.41133849884245216,-1.7362823,1.488450788888889,0.0357869459,3.4965034965034967,0.0917076703735977,0.08451546400321178,0.018868673120042583,0.10021105586431181,-0.35002136,0.3285641222222222,0.0198143854888888,0.4995004995004995,0.017074638346892504,0.005372138572284155,1.0192989594549677,1.506008212278876,0.17337105095210262,lifting,lukasschn
-0.026246157767543115,0.04595095955235777,-0.2015959088888889,0.1185130375555555,-0.027840679,0.999000999000999,0.008093406697312549,0.0017435514487987333,0.4454356298014562,0.3881750435818354,-0.1298709622222222,0.98984833,0.431518858,0.3996003996003996,0.2112966605550621,0.27367756785893754,0.6947589348041286,0.442353553466242,-0.14957933,1.3945309,0.7862188555555556,0.3996003996003996,0.2264266073779153,0.5804305700297338,0.0972669131827256,1.27438727433056,-2.8719007222222226,2.426795133333333,0.16038513,0.3996003996003996,0.6686841937955016,0.8206810946456868,0.003403362545655225,0.32017698236220227,-1.275850111111111,1.0619439333333334,0.00554402663,3.296703296703297,0.062114691038670795,0.05121702744932745,0.00018168671931334407,0.07567796357141696,-0.2327829966666666,0.201473998,-0.0009613036666666,0.3996003996003996,0.02105071107266559,0.0028607493788535407,1.0046462428241318,1.3977617002490792,0.14359026581498835,lifting,lukasschn
0.013303169618106826,0.127918372154871,-0.53194064,0.5720521,0.015968066,4.495504495504496,0.02388397147631836,0.008350355907678365,0.2402814033963252,0.3161082396563454,-0.6723567377777777,1.03978238,0.2208402466666666,0.4995004995004995,0.14032541068357185,0.10764745011013227,0.957955733282761,0.26026836239211426,0.140382405,1.7806567333333332,0.9702380733333336,0.8991008991008991,0.05361805913760598,0.9515151611861917,0.010140576729522696,0.7260991966301767,-2.5268758222222223,2.211788577777777,-0.006286621,1.3986013986013988,0.19882313206710847,0.26344950629490294,0.0016007239408944215,0.7374223199680167,-3.4268494,2.4441308,-0.0009511319999999,1.998001998001998,0.12850998855382975,0.2716267770958622,0.014210025061941783,0.4496421010451455,-1.3512166333333333,1.2901102666666668,0.0310838484444444,3.096903096903097,0.08234360655265228,0.10118994630691279,1.050480733876277,1.9167621781362971,0.23660256326073265,rowing,lukasschn
0.011374275757435581,0.17578558934900357,-1.1487955,1.5353593777777776,0.013648916,8.291708291708291,0.024462358190388583,0.015564226008534915,0.21785861650348032,0.33988159992167605,-0.8950314,1.47501,0.2065361366666666,0.4995004995004995,0.16580519717527983,0.10516442571853592,0.9601889468511012,0.24237866520599818,-0.356018968,1.685082,0.9750381133333336,0.8991008991008991,0.0480310394587288,0.9513071779642382,0.010882513680047383,0.6257401978258592,-2.15850835,2.790985,-0.0021514893,1.3986013986013988,0.1407935628708643,0.1956982468737993,-0.0007273680883416576,0.5399933686168049,-2.373169,2.003596022222222,-0.0013580322,2.6973026973026974,0.08706298788900033,0.14565129737109148,0.006379610214356514,0.4298751867276697,-1.1588287111111113,3.2545166,-0.0016513401111111,0.8991008991008991,0.07599911103363857,0.09234473347451357,1.0601728757206574,2.2266338607936462,0.2249469247363627,rowing,lukasschn
0.010721375892564403,0.11818926527933851,-0.6675152,0.4317195,0.0045645026666666,2.197802197802198,0.01814402267669431,0.00709232174082479,0.1837816399998135,0.3015457693048319,-0.43998662,1.071867588888889,0.2128671,0.4995004995004995,0.1471519463245525,0.07919519718785566,0.9723463664070294,0.2271574369917887,0.1021659611111111,1.8554470444444449,0.9838104555555556,1.6983016983016983,0.04699711043427031,0.9712319323791783,-0.014789092908798814,0.6202799561565803,-1.8123474,2.239390077777778,-0.0362854005,1.3986013986013988,0.1360918490806668,0.19240014784329537,-0.0028476763431547853,0.5600033739524313,-2.5590363,2.3456318666666665,0.00937652578,1.8981018981018982,0.08937412816585966,0.15665335343543374,0.0029498100916360154,0.343884343476488,-1.0270691,1.8693848,0.0213945175555555,2.5974025974025974,0.07010517597801828,0.059077853072011875,1.0428456764171805,2.1476268533592644,0.21957200670653176,rowing,lukasschn
0.013992335893325774,0.11468128836434582,-0.66206445,0.5399179366666667,0.0041858407111111,2.197802197802198,0.01864809087743453,0.00676511508458394,0.19261653654301214,0.2837235729975151,-0.3644502,0.9908676,0.1579136777777777,0.3996003996003996,0.1461023183262819,0.07731045376345003,0.9617462212577066,0.19753890948052802,0.29725084,1.5719201333333332,0.96694213,0.8991008991008991,0.04237709624823358,0.9444471131637954,-0.004716689143578925,0.583352596661666,-1.708725,1.51019595,0.0122121176666666,0.8991008991008991,0.13570178070208064,0.17000239302656114,-0.005005571861678597,0.6521374968698159,-2.0776943111111112,3.741021111111112,-0.009902954,3.4965034965034967,0.13821480759833135,0.2124542839332934,-0.009916251360959718,0.35381094252714596,-1.3277384333333333,1.9063568,-0.0075734466666666,1.2987012987012987,0.07097512913035645,0.06262689500406443,1.030064974041073,1.6360675645344507,0.18382753429214027,rowing,lukasschn
-0.03905956257315086,0.09521501506981603,-0.44456893,0.26612663,-0.032844502,1.2987012987012987,0.013907313724560789,0.006054070554652286,0.1990756426542977,0.3173915509473344,-0.4287864744444444,1.2451483888888888,0.1557993333333333,0.3996003996003996,0.1422168513634382,0.08994949142467236,0.955271943724125,0.1983936891436047,0.3797950488888889,1.5172792,0.9613301,0.8991008991008991,0.049696157087584465,0.9322048540448943,0.0015692362769421854,0.596773239730676,-2.140109577777777,2.0411835,-0.0273284911111111,0.8991008991008991,0.13613251473309584,0.17789372107324555,0.006466651179888524,0.5812463023743136,-2.4093272333333333,2.350816533333333,-0.0168592664444444,3.296703296703297,0.10287259335415855,0.1687966947122536,-0.008575957040252918,0.3533425730830485,-1.0445641666666663,1.8045044,-0.0262841118888888,2.997002997002997,0.08037526776954441,0.06243667089177836,1.0330539227575277,1.655415649465813,0.18854891277320235,rowing,lukasschn
0.8485156512649848,1.1343109864932244,-0.8556695666666667,5.179528666666666,0.39556287,2.197802197802198,0.5604108189675224,1.3626668294622364,0.7643196840893155,1.0167121533726649,-1.1528784,3.712621288888889,0.7660235,1.098901098901099,0.4643412628583835,1.1005200454282897,0.045787515131171096,0.5846366914570338,-1.7383105,4.073154544444445,0.025247773,1.098901098901099,0.17443333557460503,0.1728257977396029,0.08866187071392495,1.4284204478001687,-7.414784755555555,4.09422146,0.069773355,0.999000999000999,0.36247101408329097,1.0270342418507779,0.05697341630584496,1.681720954136907,-6.5862274,3.837519322222223,0.0520884211111111,1.098901098901099,0.8478901192208422,1.415925973953345,-0.03264532098258628,2.7578500367985987,-5.506198466666667,7.6572858,-0.03681946,1.098901098901099,1.714264496878537,3.8001350603736803,1.6057737970313466,6.467971379420578,1.1784070720805386,running,lukasschn
1.0144997447332726,1.3229416612940237,-1.0972998,5.611509633333333,0.58755046,2.2977022977022976,0.5223150423564284,1.9034228385510836,0.65048478518223,1.1315927311836311,-1.3722862,4.095519333333334,0.703697105,1.098901098901099,0.4630810585448153,1.0627418989441961,-0.04594843613272618,0.6071695384915764,-2.3458917,2.67152409,-0.090704088,1.098901098901099,0.14277556637859987,0.18625453973812506,0.17734878425899278,1.6480790690189804,-3.97734455,6.727556,0.0824228933333333,1.098901098901099,0.3972020423019104,1.3881781745640913,0.3372392755001673,1.621256217413285,-4.567459,4.557193422222222,0.23902893,1.098901098901099,0.7287261003298997,1.426653267252182,0.018762106638824314,3.2836552584496768,-7.052344399999999,10.087296,-0.2431691464444444,1.098901098901099,1.8504729718824247,5.386162134699579,1.7946142198958985,5.864473054228629,1.2772535599963573,running,lukasschn
0.8896734492943283,1.075864524291121,-1.1514801,4.5784965,0.5324601777777778,2.2977022977022976,0.389408926716073,1.369682919620107,0.620383954316505,0.924879919458792,-1.2129151,3.4940702000000003,0.4900297628571429,1.1988011988011988,0.28302427162588345,0.8121504093238834,0.09654788573811889,0.6256393093043032,-1.9141536,3.525883,0.0015746186666666,1.1988011988011988,0.12185145378769696,0.20483825015796617,0.03980074686414972,1.7490661961939056,-9.186417,6.185150200000001,0.1176164388888888,4.595404595404595,0.3369958596363128,1.5296722905939102,0.22252218173184315,1.8992405970227475,-6.092514,6.3684235,0.3871442911111111,1.098901098901099,0.6130230254000671,1.851271788385337,0.05198407847840966,2.8790745018804484,-6.230456569999999,7.719986,-0.0437774655555555,1.1988011988011988,1.0502262561415396,4.143096943505236,1.5484069670383973,5.355392341917967,1.0914451400180178,running,lukasschn
0.8551713776216173,1.0616422593924977,-1.3963922,4.516709333333334,0.5955095666666667,2.2977022977022976,0.40406657287833686,1.2942972494029588,0.6826254212670392,0.9078178058205406,-1.4645388,3.818203,0.7002221555555556,1.1988011988011988,0.3166444798827086,0.8776323951130599,0.0006380751412159093,0.5329435204012087,-1.7749055888888892,1.79463849,0.0011259599999999,0.0999000999000999,0.11446382276754488,0.14187293258325923,0.3156324613416631,1.398474427193167,-5.091263,4.2473907,0.2478485066666667,0.1998001998001998,0.35543848676599393,1.076512323935941,0.24279526554459352,1.388677253366693,-4.116358611111112,4.57597188888889,0.311630258,1.098901098901099,0.4555408430310351,1.0221985489718997,-0.025008975495860487,2.9578326154200076,-5.590174255555556,9.432005555555556,-0.4698079433333333,1.1988011988011988,1.0692795913845972,4.370642322402987,1.5524408762766562,5.105641088084513,1.010572490414538,running,lukasschn
0.954975587847287,1.165771529446601,-2.3516312,5.043426066666666,0.5399589,2.2977022977022976,0.4927815015561615,1.5908111700217675,0.6587367596711788,1.0239031866693704,-2.016799822222222,4.911336,0.6902974677777778,1.1988011988011988,0.28589176437738173,0.9575993211752969,0.09582435496461435,0.6743142434623081,-2.530696733333333,3.937825188888889,0.012189921,1.1988011988011988,0.15215557257452914,0.23630503374571546,0.23625093954337373,1.8863725685804147,-6.3231964,7.261601777777778,0.22180176,1.1988011988011988,0.39275814435369844,1.8332378168710268,0.09988209393175954,1.981947451508482,-6.886327111111111,5.5157166,0.1814744755555555,1.098901098901099,0.6530517631822921,1.9720721872041602,0.04353635802914709,2.628461323636747,-7.237536988888888,9.281226222222225,-0.0738779733333333,1.1988011988011988,0.9294902983940755,3.4528489258861454,1.6945395465431237,6.395854210765501,1.159402798052687,running,lukasschn
1.6137411786908,1.5872446521147612,-3.1051402,5.878119,1.9463564,3.2,0.5520021498924871,3.862578180993676,-0.022885252972489993,2.40232661827964,-5.39757,5.9393773,-0.355103285,1.1,1.1775966186829567,2.8832259915343084,0.4270601589135,1.230218249141001,-2.7934792,4.3349447,0.48640610500000003,1.1,0.5659124498999941,0.9383421585681153,0.49614121986399995,2.053199311748627,-5.0786443,6.8565693,0.564589735,1.1,0.7288744873256452,2.351876205069058,0.31701393605052,1.5985712090831703,-3.3581104,4.3522677,0.16205324,1.1,0.6218505127766215,1.3769351883089997,-0.07732323880400001,5.95387945321,-9.155941,9.883516,-0.65407188,1.1,3.034477988915988,17.71259692377072,3.2277267197650925,8.407892525991903,1.4714488919658837,jumpingjacks,marcoschneider
1.7064712181733,1.6515169306943018,-3.6401138,5.286036,2.11622035,1.0,0.5766002925551198,4.274462665324438,-0.04559574562529002,2.235762807343297,-4.66247,5.6797004,-0.298726075,1.0,0.9851932534057808,2.498905182065574,0.23021090460558,0.7615108133848083,-2.024699,2.5191588,0.27212383,1.0,0.25624528497933274,0.34265659005750226,0.32919202974279993,1.7248895764019105,-4.253065,4.6557345,0.477770745,1.0,0.5101874657383372,1.5945206074816112,0.38688777509850003,1.0380629126045786,-2.6241438,3.8409412,0.40493334999999997,1.1,0.29603671505365453,0.687932164907328,-0.0032895196444000306,6.106400210490998,-9.356211,10.04011,0.0111852683,1.0,2.942606214426628,18.625435022002364,3.0942122625800312,7.329776626282237,1.3009224050746577,jumpingjacks,marcoschneider
1.5537377446319998,1.6704978382556508,-3.0021482,5.3441215,1.8853423,1.1,0.8297012473989772,3.807987490256706,-0.1564333764924,2.348388185199568,-4.9982924,5.733881,-0.46492905,1.1,1.3859517709016655,2.7791780417241023,0.49878565356129995,1.0658674378143966,-2.149168,6.6432385,0.386098565,1.1,0.492015247879089,0.8162694687634607,0.3596713552468,2.5426412517240133,-9.677387,7.457378,0.19387799,1.1,1.0861634405369047,3.3586442456842156,0.6337764707737,1.2373465746943846,-4.0260305,6.050298,0.42037966,1.1,0.3164236781502837,1.1664343953460186,-0.1621959824080001,6.0005383795345475,-9.218792,9.833448,-0.6876277,1.1,3.742507185174261,18.01153741747762,3.1761334815386255,9.508408935835272,1.4260754660120085,jumpingjacks,marcoschneider
1.2476958185879998,1.4687084843417992,-3.5908144,3.9066243,1.6473864,1.1,0.6506193701924464,2.6342194110007293,0.1587109165655,2.4980270659219808,-4.9035983,6.2088165,-0.224776725,1.1,1.5308494775753263,3.142139333792305,0.09238884902683002,0.6438817184553658,-1.7943089,2.924294,0.025870068,1.1,0.2603085549779826,0.21562069844579862,0.1463278089013,1.5294728557934298,-4.532164,5.0935583,0.08735161799999999,1.1,0.538631438387801,1.1898930277859845,0.3998168797140199,0.7814633294212141,-1.4630065,2.5775385,0.39694387,1.5,0.183802356044003,0.4648965856760604,-0.06321593095799997,5.719491169647007,-8.648875,9.953823,-0.08841688,1.1,3.7115127622338795,16.343944591982435,2.923542242260765,6.945468420474928,1.359497839716052,jumpingjacks,marcoschneider
1.9334786270439999,1.8548611227467038,-2.8342366,6.3403635,2.3366041500000003,1.1,1.026135204270113,5.456874364330243,-0.1803509908789,2.4223644119769916,-4.733734,6.348417,-0.6560258750000001,1.1,1.4137420557442448,2.9635183626829087,0.38793485209431006,0.8666335577394526,-1.8616686,3.7877684,0.42539178,1.1,0.4079951602234739,0.5256673593635606,0.45925113694499997,1.9136911316886416,-4.354265,5.077579,0.57417708,1.1,0.8324153176436374,2.040199094331914,0.42907754223946004,1.064269802523464,-3.8183043,2.8715513,0.48323022000000004,1.1,0.2944960846386654,0.7498765161097674,-0.257163162092,6.469883309964469,-9.732248,10.356493,-1.45994385,1.1,4.076109675551324,20.974903856313205,3.39685659283758,8.492280463273516,1.5602925272910921,jumpingjacks,marcoschneider
-0.18163570170736,0.3532862588281628,-0.9003272,0.3653537,-0.015375607,0.5,0.2145921118036694,0.0953347639916333,0.2748426279,0.06228588093695937,0.12935033,0.46322066,0.270171375,0.5,0.02509966557114302,0.07747629647988977,0.7772437500126,0.49462593488559514,-0.49201941,1.5897889,0.9659786,0.5,0.25721484363288966,0.7263135946922985,0.016156853824419996,0.49559903859818516,-1.7996298,1.8137445,0.04167844,0.5,0.2369380867341437,0.12294804488478889,0.008048066619600022,1.7440658241926013,-3.5308163,3.7534564,-0.02609896,0.5,1.030960638110343,1.5194269528192939,0.012020434846599997,0.2162818086611002,-0.6711161,0.91186565,-0.020240009,0.5,0.09055027211125177,0.023510062709082305,1.0214365119036797,1.6285684766466109,0.20571776467611738,lifting,marcoschneider
-0.2209303822553,0.3373356516676476,-0.8891005,0.27261195,-0.072240945,0.5,0.13540517909639846,0.10565113991938643,0.27632893675000003,0.060333944912388686,0.14350566,0.46273252,0.27212383,0.1,0.018340484754997572,0.07817595936074503,0.7663124219348,0.5048510206216358,-0.42319524,1.4955828,0.95670444,1.1,0.20002200930217776,0.7145452341209755,0.05365839463386,0.4099068229227219,-1.1572758,1.694435,0.04221107,0.5,0.13739857152794305,0.08680798695460804,0.13588609826530001,1.7718741367240636,-3.5679674,3.2252188,-0.017976324000000002,0.5,0.764376628674498,1.5866642409398086,0.014765619441200003,0.1793410829643384,-0.92997515,0.60187393,0.0010652636,0.6000000000000001,0.06065648433826237,0.016283889459180127,1.0180929992826822,1.5226913680339782,0.21880341081031934,lifting,marcoschneider
-0.28545326183833997,0.33168976810167206,-0.92229235,0.16132185,-0.17303659,0.5,0.19569412743121678,0.1364376516854731,0.273902032019,0.05584820782481578,0.114218794,0.40562314,0.27920148,0.1,0.02153631503167746,0.07658028737442553,0.7800216039968,0.44546391340815855,-0.21428227,1.496071,0.9742765449999999,0.5,0.23925079914185202,0.7075536416025877,0.03217841881204,0.3395621564356307,-1.0869684,0.96472937,0.061385815999999996,0.5,0.1348312242798307,0.05862945790995534,0.08440616576361999,1.616524597412497,-2.858502,3.2113705,0.00492684435,0.5,0.9684651404011497,1.3123960134144195,0.019006433764299998,0.1832872726866056,-0.38029912,0.6412887,-0.0271642235,0.5,0.07780101111427813,0.01714210006175307,1.019722401638993,1.5093256451507715,0.19080321671792308,lifting,marcoschneider
-0.33689955222742,0.2861576337695283,-0.8969103,0.1637624,-0.28042176,0.5,0.17550271718441934,0.15440348012915653,0.20697323676100002,0.07963204769753607,0.01952458,0.44613665,0.208913,0.1,0.03340266088676991,0.046005382902565055,0.77766645392637,0.4793557882477662,-0.47835222,1.453605,0.99038434,0.5,0.2603368456420714,0.7195412934997678,0.021664266940639998,0.3670751234249211,-1.872334,1.081642,0.04620581,0.5,0.14615824209527703,0.06777408727146614,0.043050499079060014,1.6071380253782164,-3.082074,2.679937,0.005592633850000001,0.5,0.9802821307496141,1.2920092510734735,0.010686724924960003,0.1557578475013296,-0.45686495,0.7628619,0.0011984216,0.6000000000000001,0.03405572240768655,0.012232404956144105,1.0219876757124269,1.4758308129331819,0.1853950411623211,lifting,marcoschneider
-0.36364676155378,0.28504691142875666,-0.89349353,0.08517598,-0.28408262,0.5,0.18258508491292214,0.17282427375987505,0.268996481789,0.08621971235079441,-0.0024405725,0.49446,0.2796896,0.5,0.037971495617057247,0.07607231293763386,0.7352497944371998,0.4750535209928397,-0.38170552,1.6146828,0.9484064,0.5,0.2766666323608581,0.6533173470404517,0.00585788397412,0.4218597945558963,-1.6592813,1.0922947,0.02277001,0.5,0.20499286635983383,0.08892835557873338,-0.005094088959939967,1.555145728703849,-2.9435897,2.8834023,-0.0774979295,0.5,0.968232538164074,1.208055829376492,0.0254416913286,0.14543517643097034,-0.44514704,0.56578815,0.0022636852,0.5,0.02859273313503747,0.011212769664722422,1.0149314383927448,1.6181714728955972,0.17082376191656243,lifting,marcoschneider
-0.0034241228451999985,0.5532965909951097,-1.0042956,1.3171769,-0.12349296500000001,0.5,0.2255242647782267,0.15292763456432912,0.7082087373400001,0.1916631315346995,0.20500809,1.2476206,0.70190865,0.5,0.0632531111918567,0.5199086402769505,-0.595318592146,0.3363249362727939,-1.734759,0.754625,-0.6040416500000001,1.1,0.12236915913347797,0.41090507442962854,0.15561158090629998,0.8374966548707322,-1.943973,3.547461,0.052331075,0.9,0.19097220302624668,0.3745646008802309,-0.022404625258320002,0.7457414999568466,-2.637859,1.3654016,-0.01304948,0.5,0.3164444729268937,0.2782903005654359,0.012905669152520016,0.7261611499250866,-1.7128108,1.5341128,-0.0051931604,1.1,0.3051101863653646,0.2635583605727727,1.108448825387369,2.0996554889146672,0.28797577672619523,rowing,marcoschneider
0.07352907899076001,0.6157624591619709,-1.2229708,1.3572023,-0.177185555,0.6000000000000001,0.2386169377461685,0.194798669769182,0.60843081329,0.18563381978680277,0.3109289,1.7801535,0.57621915,0.6000000000000001,0.07501581006766445,0.3874008626201501,-0.666473484081,0.3296739920189147,-1.5971106,0.8673795,-0.68336034,1.1,0.13001965977865687,0.4984759898032491,0.20371249599267996,0.9987488329272259,-1.5295855,5.3147335,0.057124762499999995,0.6000000000000001,0.2892978743942073,0.5397519921313415,-0.03458378460934002,0.941092266818691,-3.5081794,1.7574186,0.07749792750000001,0.5,0.3407950109694046,0.4435807129351629,-0.019011760761680003,0.6978087110251978,-2.0622172,2.4608922,-0.108523735,1.1,0.3087674021859464,0.24358655650484792,1.1217757591850936,2.0247717226120523,0.2885651657320357,rowing,marcoschneider
0.0781290705618,0.5757251879936823,-1.0174747,1.2302926,-0.108605477,0.5,0.2940669188533666,0.17166816818626818,0.66345498303,0.15955742261276462,0.3372871,1.359399,0.6745742,0.5,0.051083318257080526,0.4528892191455515,-0.61527027329,0.2620547935255799,-1.1348661,0.6653,-0.6384538,1.0,0.0653595586560082,0.41285963595153385,0.17734189650546,0.7417894372270176,-1.188701,3.9266949,0.073103715,0.1,0.18700404581833668,0.30630115759506493,-0.0449424066853,0.8131363845417943,-2.8977835,1.4804502,0.027430538,0.5,0.27067558883138565,0.3322846959627781,-0.020439213592179997,0.6547958334279662,-1.6936361,1.841974,-0.06910898,1.1,0.2152690263651946,0.21458409536575573,1.0938976570218502,1.6647614845405871,0.23117248816163533,rowing,marcoschneider
0.144409648478,0.6082921366888002,-0.88958865,1.3850248,-0.032703672,0.5,0.2479571490789826,0.20567940284818784,0.5852453737900001,0.16669793459265583,0.17230442,1.5277983,0.5776835,0.6000000000000001,0.046363351979493345,0.35639236544166814,-0.6927726035430001,0.22537320563659138,-1.415044,0.5520575,-0.6999562,1.1,0.08333152307157769,0.5053054274690741,0.14954810190318,0.8197815890813924,-1.6339812,4.3751707,0.00013315796,0.7000000000000001,0.20766118644958298,0.35805114407421934,-0.043570347729899976,0.8867613158298742,-3.4431984,1.823465,-0.00292947495,0.6000000000000001,0.29113532126935215,0.3946780271633717,0.016477498372300007,0.638186297547617,-1.8853835,1.7961676,-0.039281597,1.1,0.2715098175547677,0.20370897539731594,1.107489880424143,1.9332677417201583,0.2549182782571946,rowing,marcoschneider
0.10026701591796,0.5688177827992272,-1.3947871,1.1746475,-0.0197686365,0.5,0.2711469455453899,0.17166871612709678,0.70945733556,0.16789881631175127,0.2997023,1.3701375,0.71826045,1.1,0.05092508273443005,0.5174106960176987,-0.581793428946,0.23868176370397218,-1.1924638,1.0172306,-0.59842837,1.0,0.05930068743578041,0.36693998077811324,0.17387446377619997,0.8909751063436427,-2.2816615,5.328582,0.050200548,1.1,0.2499833504377442,0.4267547973899712,-0.03076587958293999,0.6236585293850565,-2.1627514,1.3654016,-0.070041088,0.5,0.247426930838252,0.19522707961943858,0.0282209657323,0.6577685651132044,-1.3751222,1.7727319,-0.03502054,0.5,0.21100451777975116,0.21691027817914804,1.0979452979506172,1.7642390840257316,0.2339692243379063,rowing,marcoschneider
0.83922989698166,0.9892102654108097,-0.7094744,3.7504277,0.573778585,2.8000000000000003,0.5040381217915388,1.1930874145904125,0.6678958499560002,1.022973260793249,-1.4209013,3.3147855,0.8451702,1.4000000000000001,0.4702406512889015,0.9688002733216484,0.16094159823979998,0.5499558076976913,-1.0323621,2.6631527,0.14497000999999998,1.4000000000000001,0.2183865802479668,0.17697674746524283,0.39115096318860004,1.805872212487319,-4.8160567,6.7218137,0.31425278,1.4000000000000001,0.8420960184354905,1.7819558123088695,0.0652346154541,1.446097423828726,-3.8032575,4.5217776,0.27244118,1.4000000000000001,0.7337491703904385,1.048811197043631,-0.048762443406999985,2.555972693980423,-4.7627935,6.6696157,-0.440486525,1.4000000000000001,1.563022846605143,3.2656141933198257,1.6392840171951006,5.344101345602266,0.9027690494396672,running,marcoschneider
0.88302401189834,0.8754221930030627,-0.78366786,3.4116762,0.6926345,2.7,0.3503420851692378,1.1625324517010511,0.6540841626013,0.8954905488258807,-1.2197981,2.8017771,0.971591935,1.3,0.3016133447190225,0.8283768016225642,0.1272773189266,0.5026188849933301,-1.261776,2.4420369,0.104456495,1.4000000000000001,0.13668190388152254,0.14238655946428658,0.4035303856045999,1.6467730715694384,-4.1396146,5.188899,0.346210675,1.4000000000000001,0.5033764266008365,1.5174126996358492,0.07029887689945999,1.4521371928372204,-5.1795783,3.157175,0.34061804,1.5,0.4725494580223913,1.0582422671210647,-0.1375351250867,2.539859005498867,-5.73751,5.792904,-0.5922866,1.3,1.0954911289946025,3.2411332924623926,1.559188974546415,3.7941813455371824,0.7825415744513426,running,marcoschneider
0.97171539802134,0.8937110798512744,-0.6958072,3.4160695,0.80953785,2.8000000000000003,0.43736573976947446,1.3431912747925976,0.5393684685328001,0.8316719999904542,-1.2715383,2.1032853,0.8515158,1.4000000000000001,0.46649326399590124,0.6364121447623565,0.13322352842049998,0.4722718222630323,-0.873725,2.1852884,0.12202863,1.4000000000000001,0.1776578089177279,0.12915732559995097,0.3826011546691001,1.8291877048831238,-5.7389746,5.2087398,0.53542817,1.4000000000000001,0.9413803981763028,1.817683926852095,-0.014272403614839987,1.142740583012462,-3.6977963,2.6320002,0.16591482,1.4000000000000001,0.5123717605637295,0.6524887357267337,-0.08295633525230002,2.376782886100551,-4.2653155,5.61607,-0.316383305,1.4000000000000001,1.4734293365939202,2.828605722479045,1.561446169955287,3.7056646163446034,0.725972180941005,running,marcoschneider
1.0126291497987,0.9837761538445233,-0.7670719,3.6259587,0.8188121,2.9000000000000004,0.35640960935723665,1.5088529374802788,0.53845666885661,0.9379540471481186,-1.4028411,2.4493585,0.9235126,1.4000000000000001,0.4485108366553975,0.7293774442257146,0.11323426493363001,0.437602591791553,-0.8576172,1.7406163,0.11421879,1.4000000000000001,0.16822515845407504,0.10847450546006378,0.3426921150325,1.7435128704861143,-3.595531,5.066128,0.36991279,1.4000000000000001,0.720012549806152,1.6358378514558227,-0.02649097627829997,1.3214946874216649,-5.339501,2.6425197,0.07097319299999999,1.4000000000000001,0.46748018491388516,0.873004928817391,-0.018045566023599996,2.684599965775902,-4.5923514,5.4882383,-0.47723811,1.4000000000000001,1.6029768236067277,3.6002606316320294,1.6510474664205452,4.0034480355368585,0.7999298743496175,running,marcoschneider
0.9991513349002,0.9535482564085683,-0.8808026,3.4165576,0.78854897,2.9000000000000004,0.4669424925504759,1.4524769041046894,0.6043018537628,0.9466609735589431,-1.4101628,2.3424613,0.983062595,1.4000000000000001,0.40153934137851677,0.8128163802176109,0.12446724246322001,0.44693065048944847,-1.0411482,1.8299413,0.128862225,1.4000000000000001,0.1243672630810378,0.11526617061941592,0.39464076465039993,1.6275710037302829,-4.7204494,4.48982,0.44607915,1.4000000000000001,0.5962901610087072,1.4789109902390312,0.0744310355802,1.358220670037541,-4.1016645,2.8353324,0.258992225,1.4000000000000001,0.45637436528091124,0.9269993185862919,-0.023113028182300013,2.71866671132555,-4.4219093,5.683182,-0.5044023,1.4000000000000001,1.346626275755806,3.692413069891155,1.6690571536910317,3.9344978070090533,0.772647740829162,running,marcoschneider
0.9464230437351991,1.4234541231049094,-4.4730754,4.9891167,1.2317331839448533,0.9036144578313252,0.42243703317251924,1.907832366239958,-0.136239633597844,1.2174847535989952,-2.5794077,3.3037276,-0.09321691608912805,0.9036144578313252,0.5379247801936188,0.7589526590356864,0.29612394511024837,0.8575076998971621,-1.7530924,3.3733797,0.29502444631609037,0.9036144578313252,0.2865178721106847,0.45500198231900413,0.09306193821696765,1.8068526263610505,-5.09123,6.396911,0.0505304450223744,1.1044176706827307,0.46874071399837763,1.6393811257421813,-0.17772560892146397,1.5235498736319455,-4.5456753,3.54246,-0.12630948,0.9036144578313252,0.5240514480450345,1.1910331935390694,0.21134881533764852,4.416632186076869,-9.220837,10.446982,-0.097843155,0.9036144578313252,1.4787971959460267,9.788212194489166,2.091385858937465,5.987202329421639,0.9319301178890961,jumpingjacks,marina
0.4391452880895747,1.4399590535862652,-4.130085,3.9051082,0.23793773130076357,1.0869565217391304,0.5773169348988024,1.2277194832541907,-0.16191692746807046,0.8521413270117976,-1.9329782,2.9727578,-0.13900440771495765,0.9057971014492752,0.32809831470924544,0.38865870297629707,0.3862951984721088,0.741803529976577,-1.5971467,2.7684624,0.5104598179485531,0.18115942028985504,0.27466299812482875,0.42386279349365624,-0.2429646675545057,1.131629890702023,-3.2039707,3.12482,-0.16486183856118344,1.0869565217391304,0.4436622545369074,0.6981775306774836,-0.08028795185241876,1.4084527810400813,-4.701422366666667,3.233938,-0.02312910039824085,1.0869565217391304,0.47136476661658866,0.9965192250567539,-0.023299768759696384,3.7789787609624454,-7.9008613,9.441219,-0.00025743838627845,0.9057971014492752,1.298263224826736,7.127977842601527,1.7009817706040036,4.5859034623570105,0.9056861484655985,jumpingjacks,marina
-0.13163994925225225,0.13948852019549488,-1.0611141,1.912245,-0.1517086703109256,0.910010111223458,0.022585227412845625,0.027047763144662867,0.24981341291535517,0.3945865030407677,-2.821041,0.56679022,0.3613599930057244,0.3033367037411527,0.08903571842321661,0.140177280342872,0.8513631461706748,0.26898539294857915,-1.2509623,1.8123857,0.8595530149579932,1.1122345803842264,0.0504056674850951,0.7609591985283402,-1.3327816502382066,1.569976049466122,-4.7140994,2.6798832,-0.8207472347196241,0.10111223458038422,0.9978726876583917,3.0074732054454922,0.43975679921657435,0.8751603095851732,-2.0954597,3.3645933,0.2211602542785826,0.10111223458038422,0.3329936869683786,0.5759516140767906,1.274996834198979,2.122230724212466,-6.3077593,9.822225,0.6571294957696554,0.10111223458038422,1.0494462928460035,3.875271572227464,0.999157297736646,3.0952287037008404,0.2314137035085981,jumpingjacks,marina
0.6733488552126581,1.4508862912279492,-4.431806,4.5767956,0.37677131359936,0.10030090270812436,0.4432908926294705,1.504878493229889,-0.02345996121735795,1.250792812186958,-3.7939508,2.973038,0.176669115,1.0030090270812435,0.42128161828183736,0.7820071041747456,0.46177481966437045,0.9808654058736193,-2.5294921,3.575212,0.3376723933333333,0.7021063189568706,0.3174586469859103,0.6938019603357717,0.2222138552151462,2.1832565656321536,-5.0119047,7.1852236,0.3258853208664709,0.7021063189568706,0.7017191194246553,2.4302931370937118,0.07591941480454265,2.0230779346209964,-4.9754972,5.5762396,-0.05042256,0.9027081243731192,0.484841988943798,2.0501333424149535,-0.07073108389043119,4.277186363643583,-8.970521,12.481112,-0.2515543,1.0030090270812435,1.6045204135883435,9.142989795246,2.020918009085815,6.154262056116626,1.1005886704864758,jumpingjacks,marina
0.542561063337912,1.4442593109745436,-4.5815997,3.5958848,0.6306276134474962,1.002004008016032,0.3036224335758132,1.3365551394051371,0.16277690980095585,1.2964210830614669,-3.853948,3.1846387,0.387738310067456,1.002004008016032,0.43494038605295693,0.8660443176985354,0.2868319842623374,0.7354971642622605,-1.3486916,2.8408654,0.1819498072662794,0.1002004008016032,0.2812648937006714,0.3524801387215354,0.02206998237359631,1.5347688468338838,-7.776559,6.836804,-0.0850244247983946,0.4008016032064128,0.3759338210003161,1.1770669496263526,-0.02059109297068627,1.2647028315987523,-5.6458783,3.6863098,-0.0036570141370971003,0.1002004008016032,0.30348675946668624,0.7993722910153486,-0.2572687121901908,4.201958671698002,-8.40102,10.63916,-0.0606718636795648,1.002004008016032,1.2681878526765815,8.885599785136874,1.9403273344959202,5.641062386850275,0.9707976454022091,jumpingjacks,marina
-0.2719840373020097,0.2488326704474433,-0.8690098,0.33044472,-0.2146566199986877,0.2976190476190476,0.08173496385789762,0.10488829469442251,0.12274310533330952,0.12515810477290587,-0.1520135,0.3682248,0.11778963787353565,0.1488095238095238,0.03857091865303696,0.022886535887823564,0.5591632750327029,0.6778270841978268,-1.3682346,2.0976312,0.6664448665645721,0.2976190476190476,0.19486732897316644,0.5420466422131757,0.15721645061328585,0.9401424703939988,-2.755229,1.8669089,-0.0368948132934554,0.1488095238095238,0.44729247434333397,0.46599335029673317,-0.1571281636283372,2.449872220523624,-4.0880322,4.381290361111111,-0.0238089928384896,0.1488095238095238,0.9420076107021037,3.0211760764448568,0.09637214006643631,0.3262310139324401,-0.5964139,0.8035845,0.07048643102686206,0.2976190476190476,0.12304408551371925,0.06242178173393378,0.9022956891353543,2.1033054162082143,0.35211417924828603,lifting,marina
-0.6003273916298493,0.13499553121731292,-0.8288623,-0.11104506,-0.6187683922097067,0.10384215991692626,0.029645805541559902,0.3694954118750527,0.1571122545519637,0.10463475095472756,-0.091069475,0.41105878,0.148408749967231,0.5192107995846313,0.03385897076545528,0.030152791540410527,0.5952096939755546,0.6043687732360812,-1.5980381,1.6550235,0.7115020993406593,0.41536863966770504,0.18507591671677154,0.536715739059221,-0.05655957707131619,0.44922587936658276,-1.7921215,2.3125787,-0.0754021635228156,0.5192107995846313,0.10628602729419803,0.10399615234538008,-0.2915734098477333,1.3676012182332546,-3.7834375,3.9197826,-0.324250675730632,0.41536863966770504,0.5173236356692734,1.0192105022465299,0.025621573658901255,0.309566208388028,-1.1233811,0.5981767,0.0433888823999999,0.3115264797507788,0.12096069429595038,0.04852232711124545,1.0224070760514328,1.7987377644096991,0.29690297507573554,lifting,marina
-0.5383616310114658,0.1857730643391822,-0.9848569,0.3435369,-0.5862177430961361,0.10050251256281406,0.05833334328416045,0.30707171893395185,0.05481509865741026,0.07400280610403004,-0.18556453,0.31956074,0.05337337,0.8040201005025125,0.02015238504330411,0.005740150728963851,0.5548578195565392,0.8090595310273963,-1.7756999,2.4725323,0.7165862488678778,0.8040201005025125,0.32105421751043384,0.6348269289671542,0.015471234719773172,0.6150587234666641,-3.0583754,1.7464113,-0.0118333325,0.8040201005025125,0.1731288927299714,0.18919787664775822,0.08375422817952842,2.23128653271627,-4.886084,5.174308,-0.020097463,0.8040201005025125,0.8971915228838002,2.493832737338204,0.011186847751346832,0.30479376739286634,-0.7806858,0.92806137,-0.0100659341072132,0.8040201005025125,0.12354611072520676,0.04652808284788191,1.0744434471567201,2.661557661337033,0.37454602532451603,lifting,marina
-0.3655444623396994,0.18947593266607754,-0.9339241,0.34387764,-0.32908875,0.3996003996003996,0.04938167475265242,0.15155538584516193,0.008255359464675786,0.08858832786997449,-0.22981797,0.3045766,0.0018545925,0.6993006993006994,0.028657971096900513,0.003988176851398553,0.4859040713499147,1.0345311350127702,-1.8803538,2.1722171,0.7619626965057216,0.7992007992007992,0.37687839918144017,0.7706955084679148,0.017078006235286526,0.7915197578535943,-1.8267663,2.183791,-0.0505468362101759,0.7992007992007992,0.2815093506694297,0.31323048300856715,-0.10628875667128063,3.0847630216616353,-5.025693,5.1300116,-0.0907526185678016,0.7992007992007992,1.2033789645393973,4.764425621378654,-0.03044458453621897,0.3602821521120702,-0.87975067,0.95356065,-0.018989183,0.6993006993006994,0.12008297710674898,0.06576365051504798,1.1126951387873636,2.2373291144971192,0.494811674261403,lifting,marina
-0.2703506032531867,0.3034684603013236,-1.0574396,0.9633174,-0.32482165,0.9027081243731192,0.0885977211260832,0.11908981676966555,-0.07037043213118546,0.18056627139748355,-0.776112795,0.3322156,-0.0397505856296704,0.10030090270812436,0.05513338421643449,0.021237735758913603,0.44880367224947376,1.2863929475996794,-2.4836545,2.8954396,0.83368194,0.9027081243731192,0.5675387278248609,1.0279982509546304,0.25589942365991764,1.3313796548960408,-5.335995,5.000159,0.1176908866066491,0.9027081243731192,0.38960357881302843,0.9508814550140398,0.13992745922109343,3.4081933941165086,-7.0400996,6.252066,0.0556171722926408,0.9027081243731192,1.3784678929125123,5.821645432486303,0.10016697911799963,0.5077600772510978,-2.0578303,1.6364731,0.07517133,1.705115346038114,0.1243651870269552,0.13881427368849475,1.2910574659254663,2.9992399207337077,0.6250983664681948,lifting,marina
0.13652674665957512,0.7786281711414306,-1.3922305,1.7760613,0.07619549676333295,0.7028112449799195,0.2186725707136007,0.32146772516558403,0.040534776179917194,0.3177530487965903,-0.8246031,0.9034346,0.0632663485,0.6024096385542168,0.08007246077841518,0.05207608870689498,-0.9672479539487548,0.426032524000499,-2.1799078,0.8089199,-0.9538316075,0.7028112449799195,0.08496725433777054,1.0262313786182813,0.16537350977541374,1.3183671496680534,-3.1170533,5.4586916,0.11894419,0.1004016064257028,0.31811940460222976,0.8955240630926655,-0.12606843610690543,1.2416036194602706,-5.4920797,2.4587152,0.00763336961222395,0.502008032128514,0.3374848787744376,0.7859110761825514,0.14701894247982897,1.6083771626229395,-3.3571932,3.3852232,0.30731758,1.004016064257028,0.46654682135751135,1.3137560151043612,1.3013199857730486,2.400802117877744,0.3878256968986923,rowing,marina
0.22059772174334924,0.8893090650667678,-1.4300095,2.1273885,0.035410005092441604,1.2024048096192383,0.30425764574329794,0.4437127879035741,0.06743234977755666,0.2814803452338034,-0.5989526,0.8473092,0.0217734045586669,0.501002004008016,0.0703478595634897,0.04412304400352689,-0.8789039789315536,0.48964783374673115,-2.03805665,1.3554647,-0.9288500886803996,0.2004008016032064,0.10563816320983307,0.8922343340790678,0.37990886854045064,1.5183013498320397,-3.9161696,6.297567,0.21758663302009965,0.4008016032064128,0.34336584306440987,1.2958076926351303,-0.3769165703438236,1.3060510739966702,-5.575716,2.188224,-0.0203767195,0.1002004008016032,0.3672599631652031,0.9940968419650321,0.13285253006629985,1.5875109816605257,-3.22947,3.062599,0.3333579,1.2024048096192383,0.5121357831783141,1.2764827726582524,1.3251575227710242,2.436712110397013,0.42256817255749757,rowing,marina
0.1986699053303568,0.8260224189854278,-1.2756355,1.914097,0.0940144569456049,1.2036108324974923,0.32456884682650383,0.3802840665497061,0.0016963047061813342,0.16642900337653857,-0.4402617,0.571169135,0.0012651929,0.7021063189568706,0.04867356735083348,0.013838293052589141,-1.0005595996290773,0.2792085674185288,-1.9533883,-0.30631527,-0.9765636432283168,1.2036108324974923,0.0767898153991408,1.0400591284697926,-0.10332404250303619,0.8319430582443046,-2.4310517,1.9669861,-0.12873548,1.905717151454363,0.19606710710405423,0.3563933778957002,0.05141722739585977,0.840739583845151,-2.4462535,2.031668,0.1003826576963839,1.3039117352056167,0.26247453880534427,0.3557107702162777,-0.02520928727766756,1.4915803641299916,-3.2566447,3.1573355,0.1162822622688,1.2036108324974923,0.5242945590636924,1.1119257462430452,1.3028652408933554,2.4163241748903737,0.3611701198010119,rowing,marina
0.21626892739335665,0.8383573859302526,-1.2207353,2.0751252,0.0323659421243813,1.1988011988011988,0.23875386479815236,0.3978427317449872,0.04430605766557055,0.23056698770098208,-0.45684686,0.86168706,-0.0049514333,0.2997002997002997,0.06616837581079983,0.028517040640722417,-0.8965796766103604,0.4865409459236927,-1.757466,1.3939085,-0.9704576,0.4995004995004995,0.1057966465109292,0.9220979197376723,0.3756041836430047,1.3047301832538754,-2.413546,6.972416,0.35559338,0.5994005994005994,0.2719971915001971,0.9913886182015422,-0.36369529722539107,1.260892952557453,-6.625584,2.4915273,-0.171315122348534,0.2997002997002997,0.29453151282685563,0.9264056567408742,0.14502795863710977,1.5109891882421678,-3.3285348,2.8842263,0.4017972965565587,0.5994005994005994,0.43458063300854877,1.161436868519077,1.2964999210840251,2.451980715701698,0.4044457437160983,rowing,marina
0.19642440117736137,0.6845695828328262,-1.5248413,1.9650339,0.1183795681879854,1.1385199240986716,0.1551184975908033,0.272455676523229,0.1139849898760441,0.2867680759657488,-0.64233625,0.7962456,0.0765125655395628,0.18975332068311193,0.08432161840050795,0.054032519910181605,-0.579264742804289,0.6189007476526058,-1.5711781,1.1100681,-0.84121156,0.18975332068311193,0.2822109984992609,0.5267032961878516,0.08799596306652906,1.2998875653719553,-3.3207333,7.9443374,0.06752679,1.1385199240986716,0.3754572732119023,0.8509939926015266,-0.01698488690753832,1.0049843257284847,-6.0550184,2.4999573,0.024927665,0.7590132827324477,0.26695232895938037,0.5043269857655454,-0.02686109881551688,1.363612014429233,-3.2370098,3.6459405,0.06391396,0.37950664136622386,0.3050459930199391,0.9286762091619913,1.0753844366211183,2.2895045231802884,0.4038787628617366,rowing,marina
0.17293526526227193,0.5891118144321368,-1.259145,1.94848475,0.03050665974362655,1.4028056112224447,0.21507810892745924,0.20325983011430845,0.2648391087342767,0.2624584285493177,-0.27845857,0.9294218,0.24947996,0.1002004008016032,0.13534929017778569,0.10454753169651786,-0.1815380660223696,0.82972075969045,-1.520831,1.3598402,-0.4191829571241936,0.1002004008016032,0.4513661628322609,0.3768298380206609,-0.017420280379447706,1.0070708737976197,-4.630568,6.9208937,0.0004053616134194,0.501002004008016,0.21974507407249308,0.5068912346517648,-0.01919103270456054,1.4548686133886244,-11.945539,5.3917584,-0.002268928,0.3006012024048096,0.3018051484772283,1.057629257697391,-0.08856712539879903,1.2067673961761767,-3.7623365,3.0247953,-0.0131640909090268,1.4028056112224447,0.39726228522840534,0.7352590606802112,1.0590041141471382,2.2066705199435406,0.3389615747139876,rowing,marina
1.0418596348445184,1.0493516200001434,-1.6723953,4.652544,0.8240541688158102,1.2024048096192383,0.24952503706366672,1.6354929711111053,0.5314925187945863,1.0337315903533657,-1.7996908,2.6525059,0.48075267384501696,0.6012024048096192,0.30999994723267693,0.8162531417159626,-0.06687493556747982,0.38877235394747167,-1.3038173,1.1743605,-0.115929145,0.6012024048096192,0.0699084869570043,0.07997194178183961,0.1709497383011758,0.9806278478944989,-2.125811,2.805163,-0.048775800247205195,0.501002004008016,0.22055829676679123,0.5095724992224312,-0.28029232412613586,1.0686604209609543,-2.906811,1.9900593,-0.3181037,0.4008016032064128,0.28023022283362065,0.6490164233887358,0.38406431245376577,3.4440287634516116,-7.0285106,7.5790224,1.2369992688638334,0.6012024048096192,1.1140249472216823,6.072346535121837,1.6873157281562947,5.029858912549855,0.9191291583984496,running,marina
1.0434851053373713,0.8779849379523412,-2.20330645,3.2859738,1.185371627725376,1.3013013013013013,0.26498920604478826,1.4739041261063073,0.4965578042355717,1.0559163355109935,-1.326255,2.974429,0.2884798025,1.3013013013013013,0.45853091562638126,0.8034912690552437,-0.07681067194245254,0.4542351343458805,-1.769126,1.8031117,-0.1474724123333333,2.6026026026026026,0.0859430209137895,0.10896138991467733,0.09085482218917347,1.5453022356496755,-3.9268513,4.1837463,0.0033259617562578,1.3013013013013013,0.3995018657002683,1.2010389237925423,-0.11251030503021935,1.5929320581753872,-4.4447427,3.494184,-0.2524201528360654,1.3013013013013013,0.3814545178036297,1.2801048534621922,0.25653633785089847,3.973897170892567,-6.7165856,8.737799,0.2879854294910481,1.3013013013013013,1.637547297500063,7.953836421856314,1.6966950597899215,4.020006769519297,0.7437489247614048,running,marina
0.9366323740664847,0.9640848630756929,-2.694973,2.8554327,1.1668954238449252,1.310483870967742,0.2520749628171004,1.3415624483868227,0.5769795608072997,1.0751849676551877,-1.3224633,3.3283286,0.40155616666541427,1.310483870967742,0.5652218153825759,0.9103634081617606,-0.06301420176196283,0.4274093939728585,-1.1394067,1.4733921,-0.1385494342308797,0.10080645161290323,0.11645996183626955,0.0952190589993233,0.07194344531847857,1.414377106199363,-2.9870787,5.0654693,-0.17727875719782393,1.310483870967742,0.36600721697417216,1.004415353531427,-0.26130504430311774,1.6877501850914471,-6.0563273,2.8183809333333336,-0.17519616,1.310483870967742,0.41925529636740855,1.4910971864175633,-0.08275961695454967,4.052674305240969,-7.1236486,9.384269,-0.0727453225,1.310483870967742,1.9966867622512787,8.210682452785868,1.724231318746537,4.265512326378739,0.7124388425748488,running,marina
1.2873306763164736,1.2119993094126973,-3.3030512,3.9071672,1.6238770466675199,1.3026052104208414,0.34795371293997257,2.3910246808243665,0.3473387510600048,1.2697560438864486,-2.0401633,2.9572992,0.19482547637517725,1.3026052104208414,0.5925764386078083,0.9261041705541091,-0.045947187734884466,0.43790782772153336,-1.1309534,1.34307085,-0.0833033990184576,0.1002004008016032,0.10542367143104897,0.09791993325562623,0.020752122130861635,1.8932752984494607,-3.906675,5.2652745,-0.337800000850793,1.3026052104208414,0.4981246559993016,1.7908883478126987,-0.07112438538181684,1.2792956946864493,-4.2339067,3.00996,-0.16703439057862218,1.3026052104208414,0.34047832255548643,0.8225377627183222,0.19793695571175687,5.047117834335244,-8.757486,10.0990505,0.03651229,1.3026052104208414,2.1651747453016257,12.76317035891657,2.1011745421997783,4.864801106501096,0.7971099551074601,running,marina
1.2311680637849414,1.0316896517551366,-2.3124688,3.8586428,1.405144,2.2977022977022976,0.22397144734596733,2.0474349099446183,0.515071653357499,1.1475046846541563,-1.4709173,2.8064466,0.524732482336,0.7992007992007992,0.42195379506522085,0.9230245829691683,-0.037161206045976156,0.4293010585424626,-1.1173849,1.3259132,-0.1186458383480249,0.0999000999000999,0.09589839502630339,0.09343859702583988,0.09970429483938949,1.5446546032371018,-3.4927354,4.681113,0.09087929,1.2987012987012987,0.3797812924581055,1.2017280809256876,1.745905416640568e-05,1.360833264839452,-4.2250056,3.3366332,-0.122039377813684,0.6993006993006994,0.4536165060924574,0.9250085790728516,-0.1421472578859802,4.5443509892976985,-7.188802,9.236073,0.151402574544768,0.7992007992007992,1.7504082142769375,10.335453552180732,1.9317078958917586,4.051403981857495,0.7838750324112409,running,marina
1.1483284310676667,1.1698969795888028,-1.373251,3.5326452,1.4250222,0.5,0.3722973580730671,2.002306024525932,0.08974315352976665,1.7827466602327962,-3.5439262,3.5839286,0.0017582311249999501,0.5,0.6623907233802057,1.5955751626022803,1.29767430396305,1.1363017404844133,-0.7621176,3.812173633333334,1.2269923,0.5,0.3046136052735415,2.3289118446594146,-0.1794955093855,5.111702237192556,-10.829267,8.373384333333334,0.3147737666666667,0.6000000000000001,1.47486041882766,13.083905386445634,0.06245882575883343,2.006600674760815,-3.2933273,5.9899917,-0.25663975333333333,0.5,0.6544460590094271,2.0151125039108693,-0.6293657680240001,4.635224972372226,-8.641758,7.717213,-0.6157903524999999,0.6000000000000001,1.3601989939034698,11.12803236924643,2.7990887549013865,5.901214119906848,1.0694788474348784,jumpingjacks,marius
0.9426501385283815,1.164823429881373,-1.440266925,4.423063,1.1410727,0.5994005994005994,0.27626003363910195,1.566318365985562,-0.2674928566331169,1.5060963430620184,-2.928809066666666,3.6146624,-0.42014647,0.5994005994005994,0.38047648555530134,1.2045824955749123,1.0883506263593072,1.1727745773647402,-1.5800312,4.229393,1.36969882,0.1998001998001998,0.3332465326631405,1.8715201774616537,-0.29842718698252596,5.485508146600341,-15.521017,10.797602666666668,0.12293663,0.8991008991008991,1.5509407436729754,15.119428229695892,0.34298356641483524,1.8542431737086027,-4.747950100000001,5.517335,0.1504637449999999,0.5994005994005994,0.38423828561457873,1.8350292089709748,0.38165056806360304,4.228784504274562,-8.206516,8.026006,2.2146919,0.5994005994005994,1.2359588772484877,9.078033971084613,2.4990314297342797,7.100215783260306,0.9764833078048912,jumpingjacks,marius
1.5708335762176158,1.3443039392534615,-1.9103351333333336,4.683383,1.6341197,0.1998001998001998,0.406199760724255,3.3701919908521307,-0.24692184965367966,1.47335607098994,-3.3185472,3.7771106,-0.71495027,0.1998001998001998,0.41528376238212666,1.1452751510466406,1.5344176087248087,1.3571953361316662,-2.2786694,4.2430525,1.7753271333333334,0.1998001998001998,0.42224403126139837,3.274506918652844,0.47426299280436235,5.1875865068085405,-12.7388315,10.825448,0.8373435300000001,0.1998001998001998,1.5032152150196596,13.667010184356757,0.9356080948531468,1.7467910697420193,-3.64652195,4.3961682500000006,0.8929323,0.0999000999000999,0.5415695950931748,2.399477912414709,-0.9457873913210956,4.372299838639007,-10.964878,9.571494666666666,-2.3081543,0.1998001998001998,1.2425452572648563,10.44346777507781,3.0666935942831164,6.923581277950754,1.1885686202908934,jumpingjacks,marius
1.4125142649278921,1.5039100904229519,-2.110001,6.105783,1.642047,1.098901098901099,0.3694060551363878,3.1249395856257673,-0.3271861717896436,1.9060790898332218,-4.387024,4.8023534,-0.4487457000000001,0.6993006993006994,0.538766101545416,1.9218047853657285,1.3713558223120794,1.3277199472372367,-1.844741775,5.0858455,1.4740494,0.4995004995004995,0.31174511317189757,2.7611563809455077,-0.13319989047332675,5.633640345240895,-11.050704666666666,9.227272,0.18829921,0.999000999000999,1.5555222522913579,15.870840881913987,0.3547797061968865,1.8032628010766747,-4.2685738,6.648402700000001,0.23197608,1.098901098901099,0.4797776391926834,1.750122750691834,-0.2611131277162006,4.946327528559454,-8.996976,8.867549,-0.26389379,0.999000999000999,1.4434220752623164,12.289037218205536,3.1712618187360255,8.109667833942536,1.3156187481568316,jumpingjacks,marius
1.7570205360409987,1.3984597007434891,-2.3134277,6.109990775,1.8330337,0.4995004995004995,0.38844699900461127,4.063989063472183,0.15823972723501498,1.7458781394799734,-4.504043,4.4561595,0.0066467295,0.8991008991008991,0.46093125985413375,1.5475625275161973,1.3051708386505996,1.2446504741381925,-3.094144,5.806598966666667,1.1459001666666666,0.4995004995004995,0.2757338819483433,2.477274515852334,-1.2894191838582252,5.146301124594351,-13.101686,9.1366345,-0.80939645,0.8991008991008991,1.3316790608679783,14.891580485548305,0.44535685700666,2.3937541543876626,-8.555168,7.880314333333334,0.2602286,0.6993006993006994,0.562704795730975,3.0605100385984314,-0.17278699258616395,5.236776014437509,-9.80958,10.571278,0.06093381,0.999000999000999,1.5880851658449402,13.728068644201574,3.062763604506565,8.410873681673339,1.4405297978767146,jumpingjacks,marius
0.28183554960564444,0.4580623560484129,-0.84096366,1.9345641,0.38051,0.5994005994005994,0.1394496667943385,0.18423703228056804,-0.008116132428504827,0.20904796680101329,-0.6735149000000001,0.7212006133333334,-0.0248337655,0.0999000999000999,0.06509512515610558,0.0218945691199015,0.7548179375875458,1.1967151080013911,-2.3428807,3.1540864500000003,1.021035225,1.1988011988011988,0.32491193853040395,1.2850982955866237,0.2730080233236764,2.5625439154956156,-6.1472898,6.685767000000001,0.15042557,1.1988011988011988,0.6253229870012299,3.3545690045971033,0.36826248933882794,3.070025543359021,-5.7336955750000005,6.049704000000001,0.05497787,0.1998001998001998,0.881052523460635,4.843437858894616,0.18838037649936565,0.6878303904876173,-1.752267,3.208455225,0.06780604,0.4995004995004995,0.1780048289678374,0.2718061702851816,1.405005048226284,3.2585498401173725,0.628545256216707,lifting,marius
0.4451745987052114,0.6061528597913205,-1.812041775,1.9581021,0.6199752,0.5994005994005994,0.17706040260396386,0.3817075409313452,-0.14887804946213784,0.32922769196042845,-1.6959729666666667,0.9459089,-0.13976426,0.6993006993006994,0.07879161229088899,0.07630596889316463,0.784056736692649,1.3501161439959393,-3.1159744,3.1187186,0.9327983,0.8991008991008991,0.33462738153285965,1.5252412711875238,0.4265684349299617,3.5693081511126716,-12.939195,6.722572,1.093296,0.5994005994005994,1.0997561521358694,6.545577351756197,0.9159773220917417,3.17647616938506,-6.9270592,6.8339024,1.2771665,0.2997002997002997,1.0075457886304906,5.87897492145508,-0.09870076983278389,2.2110973763480684,-6.698493766666666,6.369224675,-0.4361578,0.6993006993006994,0.7159434339451005,2.4517756120421637,1.6062290795728291,3.3042131661493737,0.7723142275093278,lifting,marius
0.5926792006911338,0.6382563946290911,-1.384593,2.364772,0.5963763,0.5994005994005994,0.17680381747610094,0.5547507654438325,-0.23068717195420416,0.2839425920298142,-1.1778126,0.7432750499999999,-0.23818462,1.3986013986013988,0.08076941368455105,0.09348799766217536,0.6240422564636364,1.4600801119260376,-3.1546962,4.4110503,0.54326344,0.6993006993006994,0.4600582600024749,1.4542808523586956,0.03154172566600069,3.462982292133849,-9.162826,7.5964146,0.03176499,0.5994005994005994,1.0304845427775418,5.991127925229519,0.05174696788511486,4.0509401666467975,-10.262231,7.138724,0.0,0.5994005994005994,1.3571318452194923,8.199539004305876,0.3311209888138528,1.2426749198344427,-2.5407412,4.3385177,0.08323039,0.5994005994005994,0.2854095405248767,0.880990238296769,1.6058456517988178,5.009263879621733,0.9352316268759642,lifting,marius
0.5278808226396936,0.5580348413544568,-1.7088193,1.782741275,0.6786524075,0.4995004995004995,0.2081574482285032,0.43420405909732,-0.029112928584793543,0.21852383768767852,-1.0454115825,0.38471758,-0.03640456,0.0999000999000999,0.09312437151502609,0.024700043948321183,0.8435921414838495,1.1267220182082671,-2.9201095,2.763149,1.0882342,0.3996003996003996,0.3590146338125194,1.345764837194941,0.3967764226084749,2.4888617120961185,-6.299395,5.528025,0.9728029,0.3996003996003996,0.6814767131372576,3.2515537183182097,0.4350476016318682,3.347764730472084,-5.8372755,5.6908207,1.014341765,0.4995004995004995,1.0420710044889092,5.787432594802934,0.05487217004993173,1.1395982943272305,-2.5746443,2.634509,-0.075289145,0.4995004995004995,0.38552268627280745,0.6517043978199811,1.4926304568417708,3.4988430450608705,0.6458167397083531,lifting,marius
0.38804683560431236,0.580111191544342,-2.0618277,1.86821875,0.5039318,0.3996003996003996,0.1726310760503783,0.31867674749914177,-0.12111954840703464,0.29140929164139495,-1.9921284,0.4334399,-0.097322755,0.3996003996003996,0.07541786625983651,0.057087215363436666,0.775491813037987,1.1904250680908743,-2.8037002,3.4883745,1.012238925,0.3996003996003996,0.32379906518489154,1.3092356253852293,0.40431501946763226,3.1657040732645507,-8.2618,8.592278,0.74067414,0.3996003996003996,0.847519030067248,5.169305939404559,0.2935738484987513,3.153747101116798,-5.452125,6.579527533333334,0.47998735,0.2997002997002997,0.8167127649698076,5.054277901127068,0.10132813746923912,1.513112622737742,-3.5654678,4.0662246,-0.1221221433333333,0.3996003996003996,0.5379184208578184,1.1538786846938784,1.460611949555705,4.003244544880182,0.7048016501046618,lifting,marius
0.27372950055531964,0.8190041696316261,-1.6848544,2.184304275,-0.038599815,0.7992007992007992,0.25019538280680204,0.40997670554518856,0.5764434971435148,0.6821733999822519,-0.7687795925,2.1179895,0.6502209,0.3996003996003996,0.28248783172516956,0.5647349313947223,-0.5004609431338088,0.636239500314578,-1.7856529,1.8248626,-0.575064075,0.0999000999000999,0.1663607397039652,0.45265930832992574,0.39543801912662335,2.2158025717004453,-4.276057,6.1666846,0.0,0.3996003996003996,0.7615673165426589,2.6088093072676446,-0.23404048003696304,0.9645560807112481,-4.380362,2.345417,-0.13351222775,0.0999000999000999,0.24991455967669293,0.5194944432175325,-0.17868323284548784,1.9500312799433508,-3.5608861,4.0086503,-0.20219639,0.7992007992007992,0.5946098727173961,1.9313392824940723,1.4171097897487865,2.4662375730110826,0.4717152004053114,rowing,marius
0.3439946031173577,1.0274248086141988,-1.5107995,2.7997365,-0.022257395,0.5994005994005994,0.3177812194968329,0.645605882056747,0.5055646505007076,0.7375422740938118,-0.9842648,2.2458830666666665,0.3910594,0.5994005994005994,0.2682410448398645,0.527308206283191,-0.5431273734515651,0.4399924746009997,-1.6537753666666666,0.46941763,-0.6340004,0.1998001998001998,0.1333086054691354,0.39168733265628763,0.4597815812232101,1.756616785676134,-5.9402065,4.136321,0.53521977,0.5994005994005994,0.4021436972546815,1.7527090583357878,-0.16166018411207125,1.0363683694705992,-5.2048774,3.0729575,-0.04520403,0.6993006993006994,0.25407586206070853,0.5626272205413089,-0.047901471375124814,2.252654689214814,-3.9503129,5.316258433333334,-0.108886735,1.1988011988011988,0.6609930116608306,2.5369864334981074,1.4802515427565488,2.8498998222567344,0.5493820685596165,rowing,marius
0.28816184746265006,0.7906697665621129,-0.9617939075,2.4684368,0.020123126,0.7000000000000001,0.2287507439224494,0.39530618053240285,0.6966299714449249,0.7378581835760096,-0.7295548,2.417458,0.70302886,1.0,0.19608688240273517,0.75724368765547,-0.31953100843612503,0.6693112680578238,-1.6174115,1.8887687,-0.471460445,0.1,0.2560040788710708,0.3258648886932627,0.24605295383550005,2.199092602781137,-4.398688,6.840622,-0.10720685,0.2,0.6659336316134281,2.4761326104227828,-0.5211544927359832,1.2698652675496325,-3.9978075,2.1896846,-0.30779972,0.1,0.5092548723244995,1.07707874904194,0.24479937344069996,1.7783016066715531,-3.894418700000001,4.321108,0.08970174374999995,1.7000000000000002,0.5018751572647758,1.6395252635270523,1.421745575744599,2.755607454992642,0.537037841280967,rowing,marius
0.4054054813669996,0.905523644288193,-1.3334315000000003,2.318672,0.20007265,0.3996003996003996,0.252280462762601,0.5739305625466694,0.5008961358865585,0.5730810657440806,-0.74608016,1.7668104,0.3867146475,0.6993006993006994,0.17047810893426016,0.41494384599622114,-0.5612369700368798,0.5696353182555832,-1.9206405666666668,1.2042776,-0.6441026333333334,0.5994005994005994,0.161253845074286,0.4770670543204631,0.6729212537035797,2.248092660051901,-4.8744755,6.3418503,0.4915938,0.0999000999000999,0.6910111017032712,2.977258881907391,-0.5438298926863754,1.5553903725795128,-5.461899,1.8793269,-0.1330668133333333,0.0999000999000999,0.5354977858293742,1.5041621465414297,0.3063005643987679,1.8956437403860256,-3.502599533333333,3.8643336,0.566462995,0.8991008991008991,0.49545615569746476,1.8887576933257897,1.4265112450081667,2.571688279131239,0.4425815069483008,rowing,marius
0.5325900131228771,0.7873174415636233,-1.0256696,2.865472,0.39270583,1.1988011988011988,0.23903379396272428,0.5932768742212282,0.4172230218498169,0.6717626808442495,-0.78876555,2.359284,0.4256346,0.8991008991008991,0.18617886411153922,0.3994821925064743,-0.5887003032938395,0.5956792781577418,-2.0918903,1.7441872,-0.67363685,0.0999000999000999,0.1796190960537432,0.5238077086499712,0.3153503621967866,1.7838457586223087,-4.1488442,5.5359664,0.2797253866666667,0.3996003996003996,0.6516068365111422,1.6889092328331485,-0.2482483375268481,0.9773215149162924,-2.7650816,3.4644714333333333,-0.30970868,1.1988011988011988,0.26062239607191523,0.5387288072737932,-0.32790368653413254,1.8504831474106689,-3.8216494,4.632904166666667,-0.7939721,1.1988011988011988,0.43140979429289356,1.8179543335622026,1.4109763819647096,2.8761820048797144,0.5128494152687936,rowing,marius
0.9806295044195306,1.2211058298443385,-1.4441696,3.9289486,1.03753005,0.0999000999000999,0.3194053366482484,1.706439143859088,0.18894097840497837,0.7161234709340051,-1.1962284,2.0501807,0.23257454,0.8991008991008991,0.19580654703006273,0.2918589458793551,0.3486994138225278,0.4559546433843454,-0.5605662299999999,1.3151987,0.23281845,0.0999000999000999,0.12252955399326736,0.22543475613711036,0.5163679601146853,1.8277692091099436,-4.195613275,4.757266,0.5554292,0.999000999000999,0.5057920086073158,1.9353373096787494,0.5790392528424243,1.0276909403761607,-1.882534,4.9360967,0.4431827266666666,0.7992007992007992,0.2708896976583754,0.8628332440102536,0.2673958611158009,3.681029000985247,-7.049385,7.93903365,0.1608866374999999,0.999000999000999,1.0014520139028562,6.839719580555069,1.6057578661731,4.261641512877455,0.8876163489182801,running,marius
0.9351041623880453,1.0487435668553498,-1.1251266,3.493237425,0.68674743,0.0999000999000999,0.3108345142813538,1.4238019468733305,0.21632353976573923,0.5389254305638767,-0.89261305,1.5806105,0.2541002,1.098901098901099,0.1379786139931705,0.19187110847638963,0.3005019031464203,0.37641876715895617,-1.130127,1.200558,0.2816018,0.0999000999000999,0.12956033347634652,0.16107616315998938,0.5377405064483017,1.5264197471801746,-4.216192,6.167601,0.5246187125,0.6993006993006994,0.3696185510641613,1.452979659758587,-0.1274896417451299,1.4601656262329508,-4.6673158,4.18469415,0.0,0.0999000999000999,0.5659932329303043,1.081230459917269,0.15189246720542787,3.162574432713484,-4.9066224,8.882935250000001,0.2251038399999999,0.6993006993006994,0.7507133940349442,5.019013900241611,1.3723335727922623,3.7439451773748553,0.8292290056106226,running,marius
1.1383968604367134,1.2378746663373237,-1.3986182,4.536362,1.0590862,1.6983016983016983,0.2719755868696052,2.0613488551886996,0.14321020219374792,1.0292883275969809,-1.7260764,2.8146763,-0.00371972925,0.5994005994005994,0.2982581399472589,0.549697204633448,0.35710167736896437,0.6333067123226799,-0.83120704,2.284234,0.20769504,0.4995004995004995,0.18264925523433978,0.32785996555862973,0.5953963894998752,2.4116153123343085,-7.233408,7.142694466666666,0.58459806,0.4995004995004995,0.7144660071634736,3.2595360288039648,0.10022874267989927,1.479217911431495,-4.4538183,4.196186,0.25977045,0.4995004995004995,0.40168236596139595,1.1029956657441855,0.4533470766089744,4.004027347467424,-7.1352115,8.150164,1.0859656,0.5994005994005994,1.0629221647902232,8.21363296211317,1.8541840502461564,5.083020549464527,1.0250344094219523,running,marius
0.9215411828082168,1.3085560515466326,-1.3852333,4.096610925,0.702952625,0.4995004995004995,0.38335100829653285,1.7045423174653702,0.4154087074915584,0.9983260079250942,-1.1778279,2.4450412,0.2909926,0.5994005994005994,0.2747648875936129,0.6703939737301644,0.42562345465402107,0.6154835847097161,-0.6109503,2.3453197,0.2370870025,0.0999000999000999,0.2481017162803583,0.3703761258744617,0.5384715495084749,1.8017060472054782,-6.8047333,5.4218874,0.70906186,0.5994005994005994,0.39639410649588463,1.9114024990090734,0.45412210576602563,1.084875520712617,-3.0309606,3.2858439999999995,0.44089198,0.0999000999000999,0.25252389710120615,0.7941164451079425,0.3559222240800033,3.5184114324940237,-5.676618,8.44391375,0.7987063,0.8991008991008991,0.8279585366483887,6.3101067076683055,1.7264367099539777,4.625960272146627,1.168281378390211,running,marius
1.003648897365829,1.371191420540004,-1.545212,5.177192,0.4967363199999999,0.6993006993006994,0.383289558297782,1.9464549212528326,-0.03384285329232431,0.8088494314081182,-1.4952092,1.890598,-0.16580236,1.3986013986013988,0.21946841259943878,0.32793724815414865,0.11243144226895603,0.4373032739966783,-0.87901473,1.8021784,0.08567573,1.6983016983016983,0.09878618309287643,0.1081623843796156,0.6462534487619047,2.336625602552302,-5.4331884,6.1482058,0.5868888,0.0999000999000999,0.5654825375882776,3.14482594086728,0.3671314005134032,1.0245444095128342,-2.28036,3.061504,0.28328876,0.5994005994005994,0.2689371059713784,0.6591067674727039,0.03968856951173817,4.019012826827712,-6.293286300000001,9.770942333333332,-0.67164636,0.6993006993006994,1.3073509040321614,8.069739069765514,1.6516657429581394,5.299378291660192,1.0307833352507925,running,marius
-0.6740162377970003,2.053689891230609,-5.183991,2.6525993,-0.3827676,0.2,0.9803863377011847,2.561015130249567,-1.0416866085516667,1.4326843896480297,-3.029358,1.8598318,-1.3975536,0.1,0.6995685799765126,2.110378959072032,0.6606855819962334,0.8966268448858608,-1.3943883,2.3835933,0.58827215,0.2,0.3502154176056156,0.8380734673682562,0.0,0.0,0.0,0.0,0.0,0.0,0.0,0.0,0.0,0.0,0.0,0.0,0.0,0.0,0.0,0.0,0.0,0.0,0.0,0.0,0.0,0.0,0.0,0.0,2.7759278284114237,5.42089555279808,1.1569657907755606,jumpingjacks,mehdi
0.11129951092057955,1.6784566120156348,-3.951682,3.0943885,0.47094804,0.1998001998001998,0.8383766986933053,1.4195886792425496,-0.8032116875131534,1.2519134469077566,-2.559526,1.5198777,-1.0944954,0.0999000999000999,0.6598808678795668,1.4280097934534624,0.33183845168872794,0.7474426069440006,-1.3679434,1.2777829,0.6551529,0.1998001998001998,0.41312575390939377,0.38917292718762564,0.0,0.0,0.0,0.0,0.0,0.0,0.0,0.0,0.0,0.0,0.0,0.0,0.0,0.0,0.0,0.0,0.0,0.0,0.0,0.0,0.0,0.0,0.0,0.0,2.2531082862448732,3.982652439703192,0.7937391817278646,jumpingjacks,mehdi
-0.5092692550621045,1.5408528087871503,-3.3034708,2.2364984,-0.5511774,0.0999000999000999,0.654613616420745,1.4452829355637238,-0.527874622734239,0.5510921618604461,-1.6079512,0.52844036,-0.56166667,0.2997002997002997,0.21118073513314906,0.430351203172979,0.06883008584557108,0.7445332656990421,-1.4783945,1.6697248,0.15993884,0.3996003996003996,0.2983746135883585,0.28162558457988657,0.0,0.0,0.0,0.0,0.0,0.0,0.0,0.0,0.0,0.0,0.0,0.0,0.0,0.0,0.0,0.0,0.0,0.0,0.0,0.0,0.0,0.0,0.0,0.0,1.8342833632900872,3.4279700782148668,0.6384252479438335,jumpingjacks,mehdi
-0.5101026606122212,1.5027590893881935,-3.3701375,1.9638075,-0.09785933,0.2997002997002997,0.7340954703262809,1.388219150307139,-0.6435782234459707,0.6577641364200753,-1.9230070666666668,0.36227828,-0.675841,0.2997002997002997,0.2677323483141733,0.630303648555234,0.37276763944222446,0.9628025322542524,-1.601636,2.6723702,0.5428135,0.0999000999000999,0.3775003131824126,0.6019870397461975,0.0,0.0,0.0,0.0,0.0,0.0,0.0,0.0,0.0,0.0,0.0,0.0,0.0,0.0,0.0,0.0,0.0,0.0,0.0,0.0,0.0,0.0,0.0,0.0,1.9475463808390643,4.193161988901793,0.7970973177909731,jumpingjacks,mehdi
-0.3087150230089078,1.1044488649679176,-2.6942966,1.8410856,-0.3481193,0.0999000999000999,0.6098313056186019,0.7045993187425398,-0.01817057835014984,0.5510750040284031,-0.963104,1.2638073,0.08206422,0.2997002997002997,0.25550454171186243,0.15202030981013862,0.6533100993125207,0.8438240743184333,-1.0934709,2.0665596,0.8972477,0.0999000999000999,0.4366864442051178,0.7824779561930869,0.0,0.0,0.0,0.0,0.0,0.0,0.0,0.0,0.0,0.0,0.0,0.0,0.0,0.0,0.0,0.0,0.0,0.0,0.0,0.0,0.0,0.0,0.0,0.0,1.5008967004038511,3.2849574058203572,0.7096182762856758,jumpingjacks,mehdi
0.15857017260916667,0.20680964288243253,-0.5489297,0.32813457,0.20581039999999995,0.5,0.05746573866115877,0.04650832136027433,0.1729341334815,0.12987555983594487,0.1116207899999999,0.59541285,0.12966362,0.1,0.043139584115501846,0.038331697810872915,0.8157381767499999,0.5800036632423927,-1.1850153,1.0642202,0.9877676,0.2,0.16220389981161548,0.8334639653094855,0.0,0.0,0.0,0.0,0.0,0.0,0.0,0.0,0.0,0.0,0.0,0.0,0.0,0.0,0.0,0.0,0.0,0.0,0.0,0.0,0.0,0.0,0.0,0.0,1.048828173380457,1.4353053816945378,0.12689029793677967,lifting,mehdi
0.010231755167748923,0.09052162357450362,-0.32120794,0.09897554,0.039449543,0.4995004995004995,0.027438719608970263,0.004197677991916717,0.21335184626456874,0.18731019919755507,0.03496942,0.85168195,0.1608919399999999,0.0999000999000999,0.05301227239529961,0.06304404063588269,0.9602604966733267,0.20871087906533356,0.17778286,2.2302754,0.98562694,0.0999000999000999,0.06355877937387895,0.9438585786342533,0.0,0.0,0.0,0.0,0.0,0.0,0.0,0.0,0.0,0.0,0.0,0.0,0.0,0.0,0.0,0.0,0.0,0.0,0.0,0.0,0.0,0.0,0.0,0.0,1.0191113161297916,2.2496928238075435,0.12611379016571814,lifting,mehdi
-0.012516163931816668,0.030718263566121104,-0.070336394,0.054021407,-0.0066207955,0.30000000000000004,0.011231586965844654,0.000627988810294654,-0.024341884357083333,0.01832240339792092,-0.072782874,0.0025535168,-0.02029052,0.1,0.007397834470530941,0.0007602149295303031,1.0730698496133333,0.10660359388419918,0.96044344,1.2738074,1.0136545,0.1,0.059499878367994086,1.1571553980050964,0.0,0.0,0.0,0.0,0.0,0.0,0.0,0.0,0.0,0.0,0.0,0.0,0.0,0.0,0.0,0.0,0.0,0.0,0.0,0.0,0.0,0.0,0.0,0.0,1.074045972137806,1.2751673368078076,0.10628092008795768,lifting,mehdi
0.13332749498065,0.15866061662173364,-0.2196789,0.685734,0.09744648,0.1,0.043943939018511124,0.03035086607952969,0.14526587926501663,0.2709758424222255,-0.30611622,0.9250765,0.1262997,0.1,0.11014300013364395,0.05777950528545125,0.8576587022508334,0.5437501772861536,-0.7720642,2.4341438,1.0217125,0.2,0.16730279115777666,0.883262883080092,0.0,0.0,0.0,0.0,0.0,0.0,0.0,0.0,0.0,0.0,0.0,0.0,0.0,0.0,0.0,0.0,0.0,0.0,0.0,0.0,0.0,0.0,0.0,0.0,1.0564608846404262,2.4607448123358493,0.22862765440858362,lifting,mehdi
-0.018398976560206455,0.10246943446952628,-0.25463304,0.36279815,-0.016926605,0.2997002997002997,0.023845625644275385,0.005583270090962796,0.4270973191129704,0.358655829003317,-0.08960245,1.0197706,0.22802752,0.0999000999000999,0.2261593026136222,0.24666486908342486,0.6545937648823278,0.6612631864439081,-0.1609633,2.265948,0.94576454,0.0999000999000999,0.3672919052436013,0.646909081811007,0.0,0.0,0.0,0.0,0.0,0.0,0.0,0.0,0.0,0.0,0.0,0.0,0.0,0.0,0.0,0.0,0.0,0.0,0.0,0.0,0.0,0.0,0.0,0.0,1.0177078894954381,2.2734554967885265,0.38922075449420224,lifting,mehdi
0.2660191067049617,0.09372619972594509,-0.07472477,0.61223245,0.28665137,0.7992007992007992,0.018338235499350226,0.0751540774772945,0.7830679467918747,0.12910208933704492,0.081345566,1.1974465,0.7593272299999999,0.2997002997002997,0.030344517895773485,0.6215207586790515,0.55027430758325,0.175023168722968,0.04912844,1.7224312,0.5846024,0.1998001998001998,0.040795737901263646,0.3181030671275982,0.0,0.0,0.0,0.0,0.0,0.0,0.0,0.0,0.0,0.0,0.0,0.0,0.0,0.0,0.0,0.0,0.0,0.0,0.0,0.0,0.0,0.0,0.0,0.0,1.0167833107037676,1.7324476620912108,0.09462062010276333,rowing,mehdi
0.009444272305066665,0.043324571523210224,-0.40203363,0.18685015,0.0032568807,0.30000000000000004,0.01086489380360121,0.001026773500957692,0.014089911923608329,0.14462075936018545,-0.43496943,0.76380736,0.0067278286,0.4,0.031122248908939356,0.010645724085556616,0.9887452800066667,0.08193924348498888,0.38470948,1.2459786,1.0021406,0.1,0.017802178078916864,0.9809708921647843,0.0,0.0,0.0,0.0,0.0,0.0,0.0,0.0,0.0,0.0,0.0,0.0,0.0,0.0,0.0,0.0,0.0,0.0,0.0,0.0,0.0,0.0,0.0,0.0,1.0021174372888522,1.3592361601379899,0.05608432849464774,rowing,mehdi
0.1899341588764712,0.19826419000546391,-0.4584098,0.5797095,0.185081556,0.0999000999000999,0.05717690549957243,0.055709694517564516,0.3844891113512474,0.3535060270769385,-0.3041743,1.096942,0.29663607,0.0999000999000999,0.18556250434775398,0.2102527115027774,0.9562714063053611,0.29287894315171015,0.3514831999999999,1.524266,0.92212534,0.2997002997002997,0.11358911194992315,0.9573011939965854,0.0,0.0,0.0,0.0,0.0,0.0,0.0,0.0,0.0,0.0,0.0,0.0,0.0,0.0,0.0,0.0,0.0,0.0,0.0,0.0,0.0,0.0,0.0,0.0,1.1341094884774556,1.6085410488904228,0.2490441029425251,rowing,mehdi
0.11624446580821667,0.13706153377868363,-0.1479052,0.36860856,0.12732416625,0.2,0.04294901266393803,0.022896318082594156,0.11259037707314999,0.24813055725766148,-0.37197247,0.8633028,0.14525995,0.2,0.05735071966603144,0.04343025635335247,1.0133692165066668,0.18313121574432578,0.512844,1.4756422,0.97431195,0.4,0.05769152538468496,1.0436689242325323,0.0,0.0,0.0,0.0,0.0,0.0,0.0,0.0,0.0,0.0,0.0,0.0,0.0,0.0,0.0,0.0,0.0,0.0,0.0,0.0,0.0,0.0,0.0,0.0,1.0641954704476038,1.5088704832689048,0.18549052052044185,rowing,mehdi
0.06783529840743421,0.15714490975307235,-0.04056575,0.5492355,0.0025535168,0.0999000999000999,0.05427830682017102,0.016936554114272032,0.27498935854895107,0.1329321486160263,0.19438839,0.8572936,0.2534098,0.4995004995004995,0.03165435093901135,0.08444579873158382,0.9324038987928736,0.06417966416259112,0.829159,1.1066208,0.9543273,0.0999000999000999,0.02463457125972739,0.8714344876729744,0.0,0.0,0.0,0.0,0.0,0.0,0.0,0.0,0.0,0.0,0.0,0.0,0.0,0.0,0.0,0.0,0.0,0.0,0.0,0.0,0.0,0.0,0.0,0.0,0.9912989937634743,1.308392155054234,0.11565268121550094,rowing,mehdi
-0.1114827587152015,0.2625892104686507,-0.4508716,0.27105504,-0.005611621,0.0999000999000999,0.14280673246554082,0.04687051011340383,0.31074217185422903,0.2853201240238961,0.017935779,0.6539297,0.2761468,0.0999000999000999,0.18351666896320118,0.13722382083172596,0.4279038082350982,0.07505819039740688,0.34637615,0.5765596,0.4198776499999999,0.0999000999000999,0.031945405967603965,0.1859157210230454,0.0,0.0,0.0,0.0,0.0,0.0,0.0,0.0,0.0,0.0,0.0,0.0,0.0,0.0,0.0,0.0,0.0,0.0,0.0,0.0,0.0,0.0,0.0,0.0,0.6296963546993517,0.8822335728145999,0.22685511827159002,running,mehdi
-0.7256808484564501,1.1576442322150622,-3.0603516,1.8261927,-0.79816514,0.2,0.6284862484162794,1.1960134657845007,-0.27423639006886663,0.6116183827025815,-1.4432263,0.88654435,-0.311720165,0.1,0.2620882998536121,0.26205773177643815,0.5647727983713333,0.32881021887711015,-0.08766055,1.3350612,0.6636748333333333,0.2,0.15067611782933846,0.37297271293503437,0.0,0.0,0.0,0.0,0.0,0.0,0.0,0.0,0.0,0.0,0.0,0.0,0.0,0.0,0.0,0.0,0.0,0.0,0.0,0.0,0.0,0.0,0.0,0.0,1.5211619374128447,3.1150947356752763,0.6540579472060745,running,mehdi
-0.34510074186680834,1.2593304272503514,-2.893471,1.9485167,-0.05004587,0.2,0.5413175638141382,0.9112583396591735,-0.3390643719925833,0.8737373895324373,-1.91763,1.0359123,-0.38685015,0.1,0.4325293723088656,0.4962917825845536,0.5402950752622501,0.48078957754816437,-0.9080581,1.459526,0.5050917666666667,0.2,0.22363697496726204,0.40738255519816685,0.0,0.0,0.0,0.0,0.0,0.0,0.0,0.0,0.0,0.0,0.0,0.0,0.0,0.0,0.0,0.0,0.0,0.0,0.0,0.0,0.0,0.0,0.0,0.0,1.657643720679895,3.1431247198774193,0.5970426902530458,running,mehdi
-0.695565066690393,1.4807176309707506,-3.8467891,1.6683028,-0.41712537,0.1998001998001998,0.7867330694962406,1.5789779461496773,-0.7850293159755577,0.6602780491101605,-1.9750307,0.3703363800000001,-0.79571867,0.1998001998001998,0.23096867782249939,0.8340368122241286,0.46426119125523646,0.4599322492667004,-0.34515288,1.7045871,0.3927675799999999,0.6993006993006994,0.14796494714004516,0.3212016274897104,0.0,0.0,0.0,0.0,0.0,0.0,0.0,0.0,0.0,0.0,0.0,0.0,0.0,0.0,0.0,0.0,0.0,0.0,0.0,0.0,0.0,0.0,0.0,0.0,1.8770134519258581,4.091466700816128,0.7938908384658319,running,mehdi
-1.2176715885870002,1.191738114378792,-3.024052,1.0761467,-1.4107034,0.2,0.7458952452513592,2.1921355221968235,0.2171938077151667,0.7740317209802338,-1.177477,2.0404742,0.3193731,0.2,0.3717683638446325,0.34643642020516036,0.47025492235325006,0.6681060075858553,-0.6099847,1.6009175000000002,0.68879205,0.2,0.36928040640492893,0.4440994052634227,0.0,0.0,0.0,0.0,0.0,0.0,0.0,0.0,0.0,0.0,0.0,0.0,0.0,0.0,0.0,0.0,0.0,0.0,0.0,0.0,0.0,0.0,0.0,0.0,1.8221033325051375,3.5743426448038873,0.946116412997477,running,mehdi
1.884112030001262,2.4461069035419625,-4.5135735,8.124681333333333,2.1309728083333335,1.0,1.303106311718621,6.538607175891962,-1.9029504622290236,0.8870821970828183,-3.8510071166666666,0.9101751,-2.066340142857143,1.0,0.41782081829202733,4.014285017553411,0.8306286279157619,0.9699409433237443,-1.6580845,4.557593333333333,0.6491929392857143,1.0,0.27869628454707923,1.1598685997674552,-0.6018258911334429,3.2512179921489763,-8.891550666666667,7.361232,-0.7179448166666667,1.0,1.2533900371556468,5.642118557437443,0.2506061557828047,2.3667226330928695,-7.519496766666666,6.312201571428572,0.29246447083333327,1.0,0.6776335447398828,2.860702720901958,0.09417237104190479,7.349716699406613,-9.8294934,11.321624,-0.6753769859523809,1.0,4.623967264265343,26.991030859471564,3.7289146370619455,8.997550485162963,1.288924970711199,jumpingjacks,melanie
1.8520120380075042,2.2838584732391483,-4.487345333333333,7.912352000000001,2.305230342857143,0.999000999000999,1.2472564029443958,6.035347952454305,-1.9556441653297274,0.9023462222746246,-4.2259784,1.3510544,-2.0805483,0.999000999000999,0.444007007125637,4.231251746170067,0.7222816955147268,1.0735093663680688,-0.911882475,4.4779444,0.4003892,1.998001998001998,0.23731632083884674,1.097326391971319,0.13021514904781406,3.140530451780196,-9.935901416666669,8.64389557142857,-0.2104430676666666,0.999000999000999,1.4357825059226201,4.943495205100845,0.6606253326940708,2.034218657751632,-5.93761,6.75469335,0.7454083066666666,1.998001998001998,0.7773308027996517,2.503381648151623,-0.20924420195200039,7.612656390878684,-10.150747666666666,13.227574333333337,-1.9811887,0.999000999000999,5.052115972525436,28.991104477502123,3.6776906712935964,7.96657756756018,1.1948582465934539,jumpingjacks,melanie
1.7305692400699673,2.2966195065175623,-4.274192316666667,6.0556583,2.3397619,0.999000999000999,1.292140715283625,5.629465877551953,-1.6277305437131857,1.0441104712808977,-3.99255,1.2207855285714284,-1.8434612,0.999000999000999,0.599580422846825,3.1940455222567143,0.8666889297118049,0.9532815010801399,-1.5656706500000002,4.123330166666666,0.67620815,0.999000999000999,0.48426621612604775,1.2050685921445365,-0.15377946811498497,3.588276785915314,-7.631845000000001,8.203047857142858,-0.5006041,0.999000999000999,2.019076780274379,6.4550818372706384,0.5108965156407188,2.025346284503862,-5.704892571428571,6.0345632857142855,0.5014767085714286,1.998001998001998,0.8055186284049403,2.3099800709493716,-0.18273810351419767,6.970209826800613,-10.104322,12.17714,-1.3713415766666666,0.999000999000999,4.64915514571948,24.301038084419925,3.5263782738156304,6.641360087434972,1.1079333126613296,jumpingjacks,melanie
2.0029002953968655,2.2859686686201366,-3.9988207666666655,6.490257,2.499039571428572,0.999000999000999,1.2947887176568456,6.621825754096516,-1.8177342796947162,1.097930820034124,-4.7352862,0.9085896,-1.9368029285714288,0.999000999000999,0.5353422714785643,3.9062818304487994,0.6264775285191582,1.1057488312584633,-2.319203285714285,5.257197,0.3405077,1.998001998001998,0.39146944863178507,1.0032036031447962,-0.38869636861456636,3.3095809609814992,-11.881176000000002,8.31128,-0.23472497,0.999000999000999,1.142962760202919,5.6222767437429955,0.5549582423701892,2.3612205286421935,-5.8016925,6.901402999999999,0.3744604,1.998001998001998,0.7372930755372854,3.092874946919124,0.010625535858546292,7.6028215594188975,-10.790833,12.706201,-1.0055095566666667,0.999000999000999,4.834268133327234,28.872688158937752,3.7276572220386845,7.857822464488756,1.2148179184953287,jumpingjacks,melanie
2.044021399131478,2.085050507626881,-3.345245983333333,7.471481414285714,2.368326371428572,0.999000999000999,1.019431977617486,6.3495697435215455,-1.8165522686699158,1.017878035324012,-4.3980002,1.4540584833333334,-1.8046175714285717,0.999000999000999,0.4534197296024874,3.817382471880282,0.7827752633848627,1.146458233642347,-0.5572102342857143,5.317637666666666,0.39141655,0.999000999000999,0.40220696042322335,1.269263826996377,-0.4094415970744327,4.049032896412378,-12.334809428571427,7.614740999999999,-0.4970916,0.999000999000999,1.7936598694012629,8.356786974976103,0.5029042893753924,2.2652829935382104,-5.3688946,6.952257485714286,0.19792034,2.097902097902098,0.7934326473761949,2.816103054348809,-0.20175608256624333,7.6600953368663385,-10.174877,16.7750465,-2.221106,0.999000999000999,4.422618477753874,29.349926580729324,3.61990461799047,9.084352052166558,1.3131115404067835,jumpingjacks,melanie
0.17827772718453344,0.39101678587001,-0.5739969166666667,1.2248275,0.035916729,0.6993006993006994,0.21901745201070166,0.10815364073341621,0.09102604374785216,0.3228739972157832,-1.0249379333333335,0.8659041314285714,0.109762505,0.6993006993006994,0.16641587178128295,0.06035747794213293,0.5115978175086185,1.0043111859122427,-1.647962,2.4296132,0.706748535,0.6993006993006994,0.6060332906901241,0.7655489892913974,0.187855788107131,3.7552678877384307,-6.2602997,6.04283175,0.0338724764,0.6993006993006994,2.309089008773549,7.079264276985216,-0.030107495875779225,1.150921863963395,-4.13479425,3.3185256,0.09987647,0.6993006993006994,0.5179941603878753,0.6625553808628425,-0.25333535264817086,0.759505142469268,-3.2109622000000004,2.3461807,-0.20937407,0.6993006993006994,0.2110122409818848,0.3523146957251807,1.1266894883960041,2.6268349097700243,0.5451485000795068,lifting,melanie
0.13295470137310594,0.33208146674305333,-0.3686190566666666,1.1309806,0.019025501,0.6993006993006994,0.19515224141658288,0.07276091892800982,0.090263168065602,0.305617183381208,-0.7763258,0.59149796,0.1492566766666666,0.6993006993006994,0.17097544306708512,0.05480171662105874,0.4939559532828909,1.0424507652755628,-1.7256494,2.1966932333333333,0.7311605499999999,0.6993006993006994,0.6951171866044433,0.786801473805391,0.15983907309728368,3.6159753880625205,-5.7927844,5.6665387,0.1376482966666666,0.6993006993006994,2.4021348421192834,6.556656424929903,0.04120491727864875,1.6739500504062108,-5.8095322,4.355469,0.152945385,0.6993006993006994,1.0224945525032387,1.4013525761045216,-0.22778549410906948,0.7295714584036105,-2.3254548285714285,1.7945694,-0.1520036366666666,0.6993006993006994,0.1988083775379787,0.31775761640002503,1.1269982201620437,2.3662114134510435,0.5376570848645026,lifting,melanie
0.22019016770665775,0.48831704281271104,-0.6253718500000001,1.5004534000000005,0.1140658885714285,0.6993006993006994,0.28487916922572243,0.16759136944587047,0.06362641805268612,0.31345669177869945,-1.048049,0.68650347,0.1436262699999999,0.6993006993006994,0.17360848788837344,0.0531267914142984,0.4479573421677965,0.9534522592356536,-1.7044897,2.3301359666666666,0.6427029857142857,0.6993006993006994,0.5819236784549382,0.6547473041990252,0.07573240388633277,3.6213308373918007,-6.624898885714286,6.3540021285714285,0.0286343083333333,0.6993006993006994,2.1973771056535654,6.556203445871929,-0.03171754111074165,1.3110678984668869,-3.407035557142857,2.9424725142857144,-0.063682705,0.6993006993006994,0.6300253242647964,0.8595969286830321,-0.18059074725199087,1.4440273702271071,-3.6899316,3.1306844,-0.0605011116666666,0.6993006993006994,0.7746143848045088,1.0741789750185142,1.1025632667186231,2.4896989429746417,0.5327935469321569,lifting,melanie
0.34743847728398664,0.6840378930135813,-1.5608431166666663,1.9945066,0.30831066,0.6993006993006994,0.4168658585986918,0.35443369483730536,0.020030087387955853,0.32010211294272595,-0.8229748200000001,0.646043775,0.0155293608833333,0.6993006993006994,0.18022213454700878,0.051582704256112645,0.42210072477419913,0.8352797623254501,-2.041053966666667,2.0918903,0.5058933166666667,0.6993006993006994,0.5212816445343106,0.526666664887102,-0.057646493926692376,3.406250805824747,-6.134963128571429,6.238232166666666,-0.50024772,0.6993006993006994,2.2387640455659636,5.798799917553615,-0.11782889221421079,1.3422798547100443,-4.043622333333333,3.321274342857143,-0.0209221359999999,0.6993006993006994,0.5065621933773348,0.9138412943741034,-0.05352338894141692,2.3637618501995266,-5.389315000000001,5.0310099500000005,0.0535728788,0.6993006993006994,1.3577726779468058,2.793758901245038,1.1195822760694978,2.464508854963409,0.5594019585703234,lifting,melanie
0.20949220857101233,0.4218266084132481,-0.4447413899999999,1.1463474,0.13669497,0.5994005994005994,0.272357820576208,0.13276694927085347,0.1382503685743661,0.34398903920185686,-1.0766482,0.642883035,0.2325948833333333,0.5994005994005994,0.20754246266183876,0.0782182888320353,0.5186576161864469,0.8981479270929116,-1.313288,2.0113469,0.7292498799999999,0.5994005994005994,0.5918316180350284,0.6719376403813014,0.029362669951405653,3.292509861701794,-5.410127916666667,5.7212112,0.23650666,0.5994005994005994,2.240755514803215,5.415757865389456,-0.19398656002851364,1.2253581247086531,-3.4329098666666678,3.312569433333333,-0.0420224391666666,0.5994005994005994,0.703000748653353,0.7876320511008206,-0.22866114538029164,1.044891346889985,-2.7946575666666664,2.315077333333333,-0.1644754666666666,0.5994005994005994,0.5619789506417314,0.5976395291996172,1.10668379478271,2.2828171939686035,0.45749311853321717,lifting,melanie
0.4879149463711346,0.37624983173377496,-0.29975324,1.3146672285714287,0.547349,0.5994005994005994,0.1952565467577759,0.30877225157551086,0.18758244433740687,0.1514623556839379,-0.11210004,0.7327155333333333,0.1690255414285714,0.5994005994005994,0.05499617271065433,0.04664613705462918,-0.7858800026455925,0.3643568108444465,-1.5643494,0.907705425,-0.8495516183333334,0.0999000999000999,0.13146623819426137,0.6839190097314312,0.11849788630049617,0.7819262638254019,-1.951510866666667,4.46155635,0.0646862657142857,1.098901098901099,0.20817557897817818,0.31944069114557344,-0.16476496522810286,0.8752396118408353,-4.919952285714286,2.0814977,-0.111788335,0.5994005994005994,0.24727624209310703,0.40978704328474785,0.06884596158396605,0.8613186215235301,-1.6568192,4.092055314285714,-0.0880518592857142,0.5994005994005994,0.40817969374756485,0.37530408599844584,1.0757937671693583,1.9157133143966123,0.1746926082834971,rowing,melanie
0.5632972360320879,0.36619496413824737,-0.1848075266666666,1.5206985333333332,0.61942637,0.5994005994005994,0.20861262712923118,0.3842861696080092,0.25485377953452143,0.1388374409277291,-0.0246762356666666,0.74079522,0.23300141,0.5994005994005994,0.04603949804945007,0.07457873815549829,-0.7174396505303505,0.3666664415067329,-1.302515,0.8266074714285715,-0.7616094933333333,0.5994005994005994,0.12267485276005141,0.5818746368320376,0.18717431422431186,0.8905630817097724,-2.78310215,3.66068635,0.12705997,1.1988011988011988,0.3203548359032485,0.43118937001143864,-0.16751608784881333,0.7913705560090127,-3.044137857142857,1.7851518833333333,-0.0617737491666666,0.1998001998001998,0.18409467214900435,0.3408824972895769,0.0689050307639986,0.6626896394253698,-1.9399553,2.5925121,0.0143553335,0.5994005994005994,0.27726625129156296,0.2241073229457698,1.0724471291265285,1.5863345231266355,0.18546355320932456,rowing,melanie
0.5521798352298581,0.2782058463164022,-0.2799553466666666,1.5420919600000005,0.551881775,0.5994005994005994,0.12557566772702217,0.3435631563109096,0.1688335238252238,0.17283420076457684,-0.1672963449999999,1.0821363,0.1536587928571428,0.5994005994005994,0.045461960653618516,0.04342566833464003,-0.7900164714909637,0.33262445439575133,-1.57575236,1.0109736,-0.84370775,1.098901098901099,0.07998263743365017,0.6793902748084872,0.11547819038477476,1.2435108163436535,-2.150704,4.612083833333334,0.0863283499999999,1.098901098901099,0.34088423694738,0.7857224004483783,-0.087112291341317,0.8317644486536973,-3.963904666666666,2.103405442857143,0.0769472051428571,0.5994005994005994,0.31401602960072295,0.3531590298462855,0.06839054461017695,0.6256866459619554,-2.8470902,2.4443772,-0.0342848118333333,0.5994005994005994,0.21007887620097077,0.20022360971651287,1.0685103089946006,2.2187646982116234,0.1863344020986813,rowing,melanie
0.5522283279590116,0.4044714449128617,-0.7125416000000001,1.5139211428571429,0.5572479666666666,0.5994005994005994,0.20800876075783975,0.38667298421733753,0.29065841685930305,0.17231214521947832,-0.36233822,1.1223826,0.28855342,0.5994005994005994,0.06421988694647351,0.0993132220794374,-0.7504288433015912,0.2624625864771477,-1.7372965,0.4444161916666667,-0.7518731400000002,1.098901098901099,0.053705876605524644,0.5975523446133468,0.0792674735482275,0.8143506152320089,-2.008881333333333,4.06485,0.0430659979999999,0.5994005994005994,0.22489436953383568,0.3375355424170403,0.02338906195088221,0.6816514251684943,-2.1436788,1.8710039,0.0426733014285714,0.5994005994005994,0.18308862397392453,0.23263928869558523,0.10836396559929,0.7361426068537922,-1.8019761066666664,4.7988048,-0.0103338036666666,0.5994005994005994,0.2163036513239266,0.28242503556662635,1.0829702352242805,1.802675139375747,0.20719098533444458,rowing,melanie
0.4653848831431821,0.38133592948603917,-1.0890182571428573,1.1476888666666667,0.5314290959523809,0.6000000000000001,0.21659145164055504,0.2892189931685417,0.2606058018424219,0.16392928919853253,-0.1684854433333333,1.0862741,0.251843965,0.6000000000000001,0.060342800118465975,0.08133850917109185,-0.8291097122040119,0.22619617676725925,-1.624424,0.46932616,-0.82458064,1.2000000000000002,0.054420931480624185,0.71298061106307,0.1296970258638758,0.8284221683267635,-3.3420436,2.9298625,0.0694095625,0.8,0.213147459325237,0.3596207774502463,0.0014604834809214325,0.6772116461958109,-1.9422461,2.0195205,0.07101308,0.6000000000000001,0.21930102433753607,0.22908574689493907,0.10006021174759988,0.6352238755414422,-1.0256427833333337,2.9826259500000005,0.006185010499999999,0.6000000000000001,0.23824062711891947,0.21156565351898288,1.0772394727024124,1.7496393812288165,0.18639315407961082,rowing,melanie
1.2559450814554505,1.1609246307821168,-0.87855737,4.676817333333333,1.2912949,2.897102897102897,0.3913840326129567,2.250597847011057,0.3939029626880976,1.1647182537504526,-1.4424622000000002,2.7855893600000003,0.3461177566666666,1.4985014985014986,0.5436599869078759,0.8327662426256016,0.021890075129708638,0.46181078631483385,-1.32874615,1.5714331,0.0151025086666666,0.0999000999000999,0.12456102501924315,0.10700724849444161,0.2185416612879977,1.4339603631037765,-4.8259447,4.7296243,0.21303925,1.4985014985014986,0.43471724844944537,1.0748545251274662,0.1491348564450652,1.1441584503810125,-4.189313733333333,3.1418981428571437,0.15347989,1.4985014985014986,0.3539598010907114,0.6761365898116253,0.08323799012613581,5.005904098803337,-8.111170333333332,10.6941885,0.03145956,1.4985014985014986,2.6051987007898147,12.523949465305954,1.9593100660003853,4.861754679113913,0.9280739047358679,running,melanie
1.2824159589980784,0.8672220456296283,-0.68455213,3.6813977,1.3746534,1.3986013986013988,0.29234080064408824,2.020252068729143,0.3819108069933024,0.9692707527208088,-1.6931126571428572,2.57029225,0.2763576,1.3986013986013988,0.4854666286760112,0.6151294869158395,0.0301301363944839,0.3859774479198987,-0.8930399400000001,1.7646355,-0.006097917,2.997002997002997,0.07870419620507223,0.07532270539025815,0.03306840523517056,1.2170073052623678,-3.3371568,3.492672966666667,0.0,1.3986013986013988,0.31498710218904563,0.7409070963788285,0.036830192355479276,1.1265486504814883,-5.391598500000001,2.6639615285714284,0.16982053,1.3986013986013988,0.2941586508973176,0.6352784720108309,0.09462895766300368,4.266735198218673,-7.12885864,8.133442,0.1944587633333333,1.3986013986013988,2.3063665631960735,9.102375844282797,1.7460989311795534,3.7220740104364705,0.7651196804158391,running,melanie
1.2518544607429927,1.0084170689808345,-0.8684043,3.3853194,1.2270830607142857,2.8000000000000003,0.4470012977234234,2.0750836427364905,0.5010200618256143,1.097017835615077,-1.4467656142857144,2.403555,0.6000147141666666,1.4000000000000001,0.6318207598068359,0.8521437113556876,0.02483369936137262,0.4277865617256657,-0.9952003666666666,1.820838,0.03338609442857135,1.4000000000000001,0.16830526153404807,0.09202603158208494,0.11031792753460237,1.083386013085552,-3.649548985714286,3.4083226,0.13622294,1.4000000000000001,0.30414473302136186,0.5984464431519967,0.13840764998149516,1.0756025043517674,-4.8166725,2.2611177,0.3402955735714285,1.4000000000000001,0.3628835129293174,0.5970393992861637,0.18042974300742384,4.313932668743941,-7.354944833333334,8.237136,0.32268956,1.4000000000000001,2.519645405798259,9.328259098401208,1.892612460845327,3.708146784778248,0.7989899676984757,running,melanie
1.3254756037816493,0.8832486036893642,-0.6437774266666666,3.4222728,1.5080671142857145,1.3986013986013988,0.4655464258181692,2.1465599498063472,0.43376661272754147,1.1081737070862174,-1.4377059,2.7923683,0.1759423228571428,1.3986013986013988,0.6769552304903327,0.8015645457842626,0.036197661094574465,0.3233014483564527,-1.2364136,1.4535501999999998,0.0432240677666666,1.3986013986013988,0.07748958338312412,0.05351997421985656,0.007429697069523096,1.5040599056066744,-2.993672416666666,3.623696328571429,-0.19837849,1.3986013986013988,0.7482146438655908,1.1300233320936288,0.24533397464019077,1.4090781896265785,-8.1931285,3.142545383333333,0.42439862,1.3986013986013988,0.6175500605285559,1.0519476724400845,0.14432913037274636,4.788358541803492,-7.484728266666667,8.786118142857143,0.11061752,1.3986013986013988,3.156345745455608,11.473566924278987,1.81903489982702,4.579923811283673,0.8653321346614219,running,melanie
1.3940214056431401,1.053643064398747,-1.0365325714285716,4.516239428571429,1.5275891,1.3986013986013988,0.2386341678311927,2.497823005642815,0.3251531580365087,1.1385571358107853,-1.77809155,3.3088515,0.22940363,1.3986013986013988,0.458403874886667,0.7532332432668587,0.10083656117593834,0.4810618711942435,-1.1895815666666667,3.2743373,0.054637335,1.2987012987012987,0.09629007379816176,0.125762679360951,0.014254417641771327,1.7046676820265367,-5.147812233333333,4.676479,-0.1720349,1.2987012987012987,0.4735079417787501,1.4516976470365548,0.3417682905482125,1.7077362850150992,-7.5240273,4.03438305,0.41146138,1.2987012987012987,0.5634567819521674,1.5735304491181399,-0.1331503979035727,4.834239730758544,-7.3699365,11.038553,-0.5525276,1.3986013986013988,2.1164999499146027,11.690992652060501,1.9797020336839062,4.554995148585676,0.880911275994129,running,melanie
-0.993625689505493,2.393026110007958,-7.992203999999999,6.227578599999999,-0.8295775155555556,0.7992007992007992,1.360291725394525,3.8477185658801414,-1.6438030568600897,1.401491212921939,-4.854338,3.77911084,-1.7592320222222222,0.7992007992007992,0.7989722475186066,3.6831961919890333,0.25629893410587395,1.2407965954462996,-6.52079512,6.839619888888889,0.482961092,0.7992007992007992,0.31057242848275757,0.8347082201828121,-0.3951884648244985,3.140791494301182,-8.522617,9.861891444444446,-0.1245822958,1.5984015984015985,1.1633854939665733,5.083532169820578,-0.16776544997190745,2.9630953048208974,-10.242967,11.9034434,-0.288396256,0.7992007992007992,1.284416918811598,4.413726557618685,0.021937430888454446,5.668045204110636,-10.582030111111113,10.313765777777778,0.1657262588888889,0.7992007992007992,3.208862228663706,16.047802147897755,3.065105489822295,9.510694140251587,1.8933795057520049,jumpingjacks,nico_henzler
-1.0192422659396225,2.4602937586762224,-7.992203999999999,7.03517236,-0.78069799,0.7992007992007992,1.142801498560425,4.062353986978023,-2.0600967759224456,1.7959324552996296,-8.001808,1.9305394666666664,-1.85900784,0.7992007992007992,0.9048652932714436,5.8550743425489475,0.6069964206264529,1.4692220449658335,-8.010589,6.415903,0.775334885,0.7992007992007992,0.27432093956958586,1.4466731348798922,-0.23275203002994538,4.322033857294233,-10.603714555555555,11.475102,0.4842491599999999,0.7992007992007992,1.2712107270937463,9.384831181607767,-0.5116708391668784,3.363954096149488,-11.415101,9.2075301,-0.510683592,0.7992007992007992,1.3977215979592295,5.914248187014837,0.09751697810804039,5.537011269384986,-13.953507333333333,12.197084222222225,0.2388718189999999,0.7992007992007992,2.735399852917847,15.32344252670181,3.476426179718844,12.477271202241399,2.2352532594876897,jumpingjacks,nico_henzler
-1.2200782060454989,2.3710339861027236,-7.992203999999999,4.8553376888888895,-1.19110606,0.7992007992007992,1.0509952295704519,4.29668381750565,-1.7751532791210036,1.3006402705414248,-5.9492902,1.5380674333333333,-1.954887066666667,0.7992007992007992,0.5960446111199701,3.9961567334819783,0.7926170859603853,1.1859395113230597,-5.734008350000001,4.782626911111112,0.958373,1.6983016983016983,0.21518140915094977,1.3307655834764016,-0.4281853985167833,3.983765630473606,-10.114562,12.663194,0.1008746268888888,1.6983016983016983,1.297428281585425,8.110609767742119,-0.3872570701572871,3.79302884937057,-10.217413,7.9329204,0.191668596,0.7992007992007992,1.4352150129512908,7.3363156168870205,0.37616947411945834,5.780418654064566,-11.7952162,11.8724578,0.4685707331111112,0.7992007992007992,2.655015535732284,16.831433451409957,3.2839154327346143,9.743860729643613,1.7883805443023817,jumpingjacks,nico_henzler
-1.242097966934177,2.401810077943868,-7.992203999999999,5.7669724888888885,-1.3762591555555557,0.8991008991008991,1.0299400730597434,4.424271720357484,-1.4733794558609192,1.0310250377168748,-5.409898822222222,0.47819861,-1.3454292,0.8991008991008991,0.33652791516874625,2.701822359813699,0.710665206950949,1.5410873886869099,-6.656476700000001,6.679220966666666,0.8920825619999999,1.6983016983016983,0.47885224582139974,1.6913339172746504,-0.429344382076812,4.161013245574447,-13.347784444444445,12.879638,0.037414394,1.6983016983016983,1.7294411612776583,8.832703846096235,-0.323114450101938,4.025846317735407,-13.253095,9.446982299999998,-0.1099270573333333,0.7992007992007992,1.6365462477973567,8.200026611213199,-0.1645981687228727,4.616480300979168,-9.7743806,12.111294333333332,-0.3593309,0.7992007992007992,1.673965515484162,10.6723924419265,3.2637414999546013,10.166662290269299,1.6634037836856304,jumpingjacks,nico_henzler
-0.8508058412653595,2.392798017623049,-7.992203999999999,7.408023777777777,-0.7287315333333333,0.8991008991008991,1.3319213967559627,3.583751874806378,-2.43398323860855,1.451604735562753,-7.425487244444445,3.486185808888889,-2.3760735444444445,0.8991008991008991,0.6062715001520053,6.976800034352946,0.6610955066757433,1.323428703464995,-6.35389185,5.1684113,0.705486272,1.7982017982017982,0.37318530435944763,1.3119041786147088,-0.1252363290223491,3.6301178790868778,-11.928447333333333,8.1345612,0.3553943222222222,1.7982017982017982,1.3289672758671307,6.59797975052768,-0.7902702872335648,3.2133428592794324,-10.1901086,11.103538,-0.9508601,0.8991008991008991,0.9688937826324984,5.782155663988176,0.41933767154921026,6.929021975947401,-14.2121,14.753963666666667,-0.0414459872,0.8991008991008991,4.090229465696482,24.157535163280826,3.626243403866706,11.169816753057146,1.8744569282469379,jumpingjacks,nico_henzler
-0.05305850915088666,0.7034316730430843,-1.847364,1.29992347,0.047577304599999995,0.6000000000000001,0.43418965153337574,0.24997588608203103,-0.03349111720294444,0.1506713835507034,-0.7692217,0.3949519,-0.01781269055555555,0.1,0.03640065362090206,0.0124612428747008,0.49335793408429784,0.8346441468923048,-1.9345641,2.1783588,0.4679429493333333,0.6000000000000001,0.5102948710360087,0.5913691988269939,0.10143187777877466,1.2603732642678056,-4.8287477,3.4564028,0.1948772416666666,0.6000000000000001,0.49645479927845654,0.8037671920574405,0.05524827429700295,2.9248527633482455,-5.5592446,4.949099840000001,0.24960745999999995,0.6000000000000001,1.8886557960122046,4.2761589956543595,0.07424388818315555,0.8239915034126856,-1.97577015,2.5304600777777777,0.08047912700000001,0.6000000000000001,0.3425410006702595,0.3446537677637082,1.0986682170295685,2.643866556704763,0.5034433464724458,lifting,nico_henzler
-0.18676374795895992,0.5322877166190667,-1.0738024333333334,1.1988504,-0.1788993266666666,0.5994005994005994,0.3014403499197897,0.17640428060039912,0.061350175278682965,0.11565802061545502,-0.3168917855555555,0.61354189,0.0612535722222222,0.4995004995004995,0.027859588552673332,0.010445551165908448,0.47735441855492616,0.8837406012676379,-1.59328807,2.06750795,0.5579729566666667,0.5994005994005994,0.5389761579848493,0.6179758574618066,0.04294133761509992,0.8947666419432593,-2.84470048,2.62925456,0.0942231913333333,0.5994005994005994,0.3836220792005518,0.40174772647538304,0.028600541995489618,2.819425496756023,-5.86619535,4.903042,0.39972317,0.5994005994005994,1.7405256252462615,3.9714274474249844,0.09558412352353501,0.5741827828192546,-1.0709679,2.42278824,-0.0121660413333333,0.5994005994005994,0.2484022604589297,0.17381458045700682,1.083586767800414,2.1328192583475403,0.4112764179288641,lifting,nico_henzler
-0.09710026542801087,0.616825372066207,-1.9459367,1.2089323333333333,-0.002859923,0.5994005994005994,0.380469280956933,0.19947518463540834,-0.06521745646176356,0.1510924335591833,-0.935444865,0.26333854,-0.0506567493333333,0.5994005994005994,0.030821462676243215,0.0156563753080794,0.4909390064256455,0.8715166021251016,-1.7920558,2.805451611111111,0.5966811766666668,0.5994005994005994,0.5514388808524737,0.6204123107173541,0.03345103690114552,1.35614522066434,-5.7175303,4.6095552444444445,-0.0387582589,0.5994005994005994,0.6320473088408409,0.9197652553516457,0.013969914978654676,2.932200814865763,-5.9811362444444445,5.6036835,0.257151422,0.5994005994005994,1.9606759990152476,4.294801361671086,0.07443531220937064,0.6690518118390969,-3.113038766666667,2.1207852,0.0732100423,0.5994005994005994,0.21847092656193173,0.22913218759440496,1.0976371873164328,3.0177436492916643,0.460205429779093,lifting,nico_henzler
0.08805945933929958,0.6764546808943895,-1.2692305333333334,1.4670097111111111,0.091915935,0.5994005994005994,0.3631815777543358,0.23632136913034374,-0.051369785539889766,0.1657223249628497,-0.764633065,0.450367752,-0.0340812588,0.0999000999000999,0.03848428591464925,0.016357081135691173,0.43191214511314685,0.9897077661389897,-2.34063664,2.548458266666666,0.572027264,0.5994005994005994,0.5008332825387499,0.6758195608144362,0.1764895694879887,1.38052180398871,-4.9057144,4.873034044444444,0.1021642,0.5994005994005994,0.5378700510115311,0.98311682552479,0.1821477412594294,3.6804421535219354,-8.398403222222221,6.62344724,0.5911627100000001,0.5994005994005994,2.106922579042412,6.799238961194952,0.15506325545781774,0.6479656218131765,-1.6305804,2.406118922222222,0.169784994,0.5994005994005994,0.14536472877322032,0.23376461671552234,1.1581175199237468,2.6697581016443652,0.5649223187949768,lifting,nico_henzler
-0.024279087559418124,0.5505446878197843,-1.1490731,1.4819665444444443,0.0566191573333333,0.5994005994005994,0.30320893334998383,0.15198780240769477,-0.03822565092307259,0.18560081274954168,-0.6726002,0.78568307,-0.042959824,1.1988011988011988,0.052975751765170186,0.01866782461091539,0.53305316898113,0.9934212080987922,-1.92685632,2.66006364,0.5939981,0.5994005994005994,0.5684101755397818,0.7770955794126052,0.04339817303779998,1.3334174330272839,-5.674024644444445,3.4191411700000005,-0.0143718788888888,0.5994005994005994,0.5146602996432916,0.8899963138611162,0.16259225071014988,3.308732367877941,-6.2910395333333335,6.244538780000001,0.45103434,0.5994005994005994,1.9613742186448195,5.494822794558006,0.1949868976867466,0.7246233029057888,-2.536670533333333,2.264334333333333,0.1682375233333333,1.1988011988011988,0.24376163494048936,0.3002970786381803,1.1511602541792738,2.820078639785499,0.5333106625081886,lifting,nico_henzler
0.9830490293597777,0.17848939011837553,0.24625422,1.6327478,0.9749298522222223,4.2,0.028202735314163698,0.982298761836887,0.05943227421689955,0.13737790930006877,-0.76576285,0.8502020720000001,0.05588740799999995,5.4,0.02041196119504911,0.012959156546325611,0.07195952213085556,0.603167500574489,-1.4879730333333334,3.0256948,0.0167133728333333,0.6000000000000001,0.22028116260944958,0.18690196284474755,-0.006446913061930217,0.6270852496682287,-1.8993871333333332,2.435609255555556,-0.061430872133333245,1.5,0.10781258561453842,0.19646551963843936,0.023659008487468675,1.1868581422318218,-4.4942706,4.892474040000001,-0.0175194378333333,3.6,0.2960577691229974,0.7041720182847989,-0.006513629236944106,0.5868090201651234,-1.9140135000000005,2.58081444,-0.042759308793,2.9000000000000004,0.10386638277850074,0.17204284783185458,1.1381679939425886,3.167324049923106,0.30641624395587347,rowing,nico_henzler
0.9840939251292041,0.19588402084977172,-0.6257133079999999,1.49072725,0.9931067,2.7972027972027975,0.03230979439645538,0.9876069621796366,0.12106127496693704,0.13919031461367767,-0.4197501,1.0564641,0.1185069085999999,2.097902097902098,0.027204911146129454,0.02433312684320104,0.04736913805183263,0.6082316888137785,-1.4393827,2.8728202000000005,-0.0670557448,0.6993006993006994,0.25077137955098844,0.18703194077287097,-0.02705290536982906,0.6633404655730597,-1.99434,3.512601,-0.015729317,2.897102897102897,0.12189493101399927,0.2205223558261535,0.032783405752793864,1.0889529179244926,-4.22037447,7.046703699999999,-0.0160601928666666,2.097902097902098,0.23262952552584004,0.5933916635090691,-0.029357565886222667,0.5399214331086112,-2.7402184333333333,2.9070814,-0.0290661499999999,2.997002997002997,0.1048022990180952,0.14647383167479217,1.1594120875565146,3.0015818687582088,0.2616018290388513,rowing,nico_henzler
1.0230944217005218,0.27623685799787284,0.029117551,2.341478,1.0150592,2.2977022977022976,0.08335279925796951,1.0848374812874206,0.1072793402247439,0.19488179972375205,-0.5261316288888889,1.1647359555555556,0.08540133,2.2977022977022976,0.04141378930029964,0.030479344283396322,-0.0005780390553066899,0.7491240429876757,-1.8395924444444445,4.017659800000001,-0.0657592544444444,0.7992007992007992,0.26424872232819535,0.28031343691746163,0.0005248475148806737,0.875348997455794,-2.95019372,3.2615426,0.0112837066666666,2.2977022977022976,0.28305308380809113,0.3827354739398708,0.01579846119184304,1.0850623705360734,-4.293560344444445,6.2249664000000005,-0.0334897005,0.7992007992007992,0.18065591960916463,0.5883416732708168,-0.020513640996678885,0.7513784981625633,-2.4582784,2.9846454,-0.041079476,2.2977022977022976,0.2082393339650373,0.28242363039652557,1.2439937501534677,4.331781400110736,0.43092249484171896,rowing,nico_henzler
1.012509116959707,0.22405966941687092,0.192980777,1.91963333,0.9922665333333334,4.095904095904096,0.05775558630339886,1.0502510033646864,0.031106543832102453,0.1192705537755243,-0.393894936,0.4354725733333333,0.0249608063333333,0.0999000999000999,0.024560884480288685,0.00807324394126654,0.0022718589914122603,0.6442103516242552,-2.064480233333333,2.67617143,-0.0632320088888888,0.6993006993006994,0.18289053343656445,0.2073013537208226,0.014473313852596292,0.6437140968549395,-1.902984311111111,2.129167466666667,0.0093832927777777,2.197802197802198,0.1305569464814333,0.20718641911645833,-0.002215080536119668,1.0093343644750132,-3.0699656,5.537712333333333,-0.060000472,2.197802197802198,0.2180091978548296,0.5088739671762764,-0.019182614386757463,0.4726695534630242,-1.3091984,1.45410664,-0.0025961008,2.197802197802198,0.0842196322082745,0.1119646294234496,1.1791604414011305,2.7224693072579873,0.33882008428428534,rowing,nico_henzler
1.0322040432276613,0.24926430610389236,0.13211136,2.0246913,1.0156622777777775,1.8981018981018982,0.0487340133303087,1.0964804986924228,0.09255043504971015,0.13036490332290232,-0.3067557,0.7431966585714286,0.0864684586666666,0.0999000999000999,0.020546267950616464,0.01705459802209125,0.02231841210729598,0.6114220485035321,-1.44855709,2.69417542,-0.0381356933333333,1.2987012987012987,0.2108043653377355,0.18722984048814967,0.009104745403504368,0.7513845684866158,-3.5533579666666664,3.01042333,0.0207179022844444,2.4975024975024978,0.14297732161122778,0.28209027389126917,-0.008608224468721748,1.0282371705493079,-4.49961988888889,3.69710724,-0.0153135997777777,1.2987012987012987,0.17912989395585022,0.5281818332464091,4.9793578311416566e-05,0.5015825769350836,-1.7856677,2.4032003666666664,-0.01175881,4.395604395604396,0.10455873767630235,0.1256668763479514,1.18358236292972,3.1464966729033175,0.35535888471765925,rowing,nico_henzler
-1.221634554823644,1.0797034253616813,-4.6224038,1.1644277,-1.1218033,2.5974025974025974,0.47012375288315955,2.074688431462114,-0.2512133360206716,0.8280569308304859,-1.863005055555556,1.58769326,-0.3990307522222223,1.2987012987012987,0.4670444269361801,0.4056047838991324,0.23487511845473413,0.5143868088475576,-1.3111571555555557,1.92732592,0.28077551,1.2987012987012987,0.18101924131760194,0.18733105109748394,0.313257899050596,1.8373688498624972,-4.1018395,5.382616444444444,0.305332008,1.2987012987012987,0.6955730801206973,1.7844063806707584,0.2333054355033333,1.2058756897013618,-4.625318544444444,3.581779222222222,0.3432537433333333,1.2987012987012987,0.4905332143282944,0.7807731739940087,-0.03654290422220001,2.7020648219506453,-5.89192725,5.3285429,-0.320725365,1.2987012987012987,1.586624148972478,3.6482656046397883,1.7775539297638936,4.647676331183849,0.7519640934301135,running,nico_henzler
-1.4556710316743455,1.8633401702119976,-7.992203999999999,2.74457779,-1.0669186666666668,2.5974025974025974,0.5678287589940894,3.85326216340774,0.06114881444726383,1.375949345121627,-4.46227544,3.906427,0.217530978,1.2987012987012987,0.5737035049264538,0.94941180505108,0.3925628071335774,1.0823942446210788,-2.590154511111111,6.7887768444444445,0.344449956,2.3976023976023977,0.26345934632191886,0.7393090044920647,0.26995017618813855,2.6487592209478708,-8.5868786,8.2613579,0.5059342499999999,1.1988011988011988,0.5932380360068213,3.577331344655161,0.18256020682830945,2.43211843811882,-10.1420342,6.07823556,0.4827984066666667,1.2987012987012987,0.7112087478533369,2.9879736322328427,-0.4444791409750749,4.514346907802511,-14.3731596,8.71876722222222,0.45391042,1.2987012987012987,1.689228022919515,10.377046224237507,2.5764160625918158,8.776023708143686,1.4735645741339987,running,nico_henzler
-1.7683787460652014,1.849656260720585,-7.991634822222222,3.9330376444444446,-1.49985577,2.4975024975024978,0.43267482453706135,4.836068625710387,-0.27787292146860915,1.354160490912666,-3.61442414,2.55487468,-0.6777326555555556,1.1988011988011988,0.6424917781593137,0.9931727187017003,0.4149152719206614,0.8795230819331725,-2.4853008,4.0794239,0.348846585,2.2977022977022976,0.21896334256092723,0.5585487146678145,0.0064321405131102,2.3731210373908396,-6.3739876,9.044450444444443,0.0508530333333333,1.1988011988011988,0.6053819842520338,2.813080062794705,0.29492718926275613,2.166002745025692,-6.675737755555556,8.8743204,0.351160819,1.1988011988011988,0.5140769786269969,2.4304225521906213,-0.12768432900911308,5.498892289357979,-15.12247438888889,10.3246932,1.333148633333333,1.1988011988011988,2.853876472050992,15.12010768845425,2.7569544085908073,8.358075986396797,1.3416591688249673,running,nico_henzler
-1.391079255479244,1.6053857530898819,-6.9567165,1.51697878,-0.96898944,2.6973026973026974,0.5563101652032834,3.222445858772924,0.11581542773754135,1.1335524175517584,-2.718278633333333,3.10012,0.267567439,1.2987012987012987,0.5994491536562564,0.655241926257792,0.18801704921793544,0.7883730109667061,-2.7387878666666667,4.63740465,0.1879208522222222,1.2987012987012987,0.1994983847994608,0.34580595746031095,0.7128588321085293,2.2447110816784437,-5.454499419999999,8.851083333333333,0.7451827733333334,1.3986013986013988,0.5083755995477311,3.025014787547108,-0.0511562046542369,2.2436624136076877,-7.365019277777778,5.554938,0.253975026,1.2987012987012987,0.49214284026030003,2.517112974375463,-0.10769638183644137,4.100498696198411,-13.3895124,11.273094,-0.0056503379999999,1.2987012987012987,2.0460853781105124,8.410244643290463,2.2079931827813803,7.836133205334905,1.2607443670785585,running,nico_henzler
-1.544759485272641,1.6622186082717871,-6.63290859,2.8360394,-1.2529050666666668,2.5974025974025974,0.7781539994083271,3.766387112936698,-0.3530471683671329,1.2390369688872525,-3.3864881333333336,1.8867259333333333,-0.71398679,1.2987012987012987,0.7335131615381514,0.8914817687610364,0.169424831453586,0.8806727456512902,-3.334195333333333,4.301562049999999,0.188931762,1.2987012987012987,0.15050332222421017,0.4161096111419382,0.3106721188450994,2.6311807754219867,-7.38558616,8.978682833333332,0.26342788,1.2987012987012987,0.6123253071991521,3.55461520386439,0.20739230358390273,2.2654637324267983,-6.979667777777778,8.2624112,0.477300792,1.2987012987012987,0.6939807933190818,2.606610929694309,-0.13254314431483627,4.463641965629693,-10.6274898,13.612485222222222,-0.016034742,1.2987012987012987,2.761805355004837,9.969665386069154,2.4780446150880686,7.382865607905005,1.2120604565345805,running,nico_henzler
0.27041012000000003,0.20174549990154458,-0.1325105,0.969302,0.251285,0.9,0.07303685953616158,0.09345211549277466,0.044150755,0.35863201112490845,-0.6391095,0.780564,-0.036905,0.9,0.14952926137329461,0.06619459277605565,0.72747353,1.0651811432714804,-0.972813,2.803968,0.636973,0.9,0.6197127202129507,1.0959559628220126,-0.19569332499999983,3.397071825238059,-5.982914,6.040726,-0.243263,0.9,1.9670107410093587,5.803716759221228,-0.04764301649999997,1.4040392588098616,-3.793678,2.909012,0.179844,0.9,0.62270116436083,0.9872508449247399,-0.08316924449999999,0.35662019198770467,-0.938072,1.003361,-0.083179,0.9,0.07604555411639081,0.07046600468849597,1.1684115113135705,2.8065363481277057,0.7363902327584395,jumpingjacks,sam
0.3236123615,0.23466741435272617,-0.129458,0.995645,0.2401125,0.9,0.08486424412486086,0.1322333037878698,0.0029009180000000045,0.38585406670670175,-0.813745,0.650617,0.001473,1.8,0.12255820169405864,0.07438238446650731,0.6339429145,1.2554560064238165,-1.268115,3.127842,0.27054625,0.9,0.6046422274200093,1.189180790351958,0.006226720500000027,3.755619234709002,-6.359959,6.817379,-0.6397675,0.9,2.0248294508659503,7.0453883994882895,0.05497355799999999,1.312107150442888,-3.705158,3.11676,0.30895224999999993,0.9,0.5825443446282855,0.8630080471541065,-0.1958021415,0.4207074323806284,-1.377468,1.132202,-0.18708724999999998,0.9,0.1247679003384691,0.1267497297528405,1.2887891837029384,3.1764389844983643,0.7903200989429688,jumpingjacks,sam
0.3176372045,0.23734778428856382,-0.151772,1.257278,0.2603735,0.9,0.07376142842304156,0.12903235844111355,-0.008847255,0.3817280833890098,-0.96335,0.885632,-0.02384,1.9000000000000001,0.16495622435672663,0.07286364028875583,0.7351893105000001,1.2698568374975905,-1.067991,3.174209,0.378057,1.0,0.6040596349122412,1.345976942086427,0.024886218500000026,3.73900807018399,-7.075863,7.519398,-0.41449575,1.0,1.9040655645652578,6.983720718759184,0.0949932275,1.3673134525295159,-4.084473,2.970829,0.4232405,1.0,0.6065734882202637,0.9428625524037255,-0.12239624950000001,0.4059577192330069,-1.756782,1.3075065,-0.148201,1.9000000000000001,0.0720447803034888,0.09730047158077969,1.3387263816897952,3.228883902452208,0.8140770772711802,jumpingjacks,sam
0.3416200865,0.2649533799087357,-0.157511,1.521353,0.3134035,1.0,0.08092857379237559,0.15177017388473527,-0.0547037155,0.3663177512590939,-1.125653,0.556141,-0.069354,2.1,0.12485747554572363,0.0700199880834961,0.9437813844999999,1.2804171103550257,-1.219549,3.269143,1.28257625,1.0,0.5084188977503297,1.7096628458556227,0.5684271840000001,3.8871002825604726,-6.740341,7.548103,1.224728,1.0,1.5496811421165297,7.870648648703662,0.123239655,1.411103807253407,-4.574938,5.16634,0.41069025,1.0,0.49626704682729644,1.0098226718547747,-0.17358495800000004,0.44215368783501724,-2.722893,1.165314,-0.213223,1.3,0.07103938537706421,0.12779019983522935,1.4702779273725486,3.2948611150995424,0.8315091180200826,jumpingjacks,sam
0.3149633235,0.30081874151117477,-0.220729,1.279012,0.249331,1.0,0.10730001251848344,0.1444031692673464,-0.26759480300000005,0.40945196425274744,-1.270618,0.543473,-0.298294,2.1,0.18277101342823918,0.1553492600470073,0.674475987,1.4619027537233742,-2.190408,3.5128425,0.3848105,1.1,0.6056346770988384,1.5224327447153227,-0.206159289,4.737280118536244,-7.483883,8.020077,0.000668,1.1,1.8424450259043201,11.252207903018059,0.026344381000000004,1.6944941833825802,-5.7595445000000005,4.396095,0.477047,1.1,0.5510175295196281,1.4349146082019335,-0.21785355099999998,0.5021930702067963,-1.537285,1.443291,-0.245132,1.1,0.1720378808110814,0.17343403565950263,1.5088752438502748,3.533163911555265,0.8617842459083562,jumpingjacks,sam
1.4642878154999999,2.401109093785593,-3.676565,7.641565,1.798859,1.1,0.9132055400929455,5.024038221472617,-1.0336942765,1.298625683032521,-3.545459,3.629068,-1.40978275,1.1,0.51103392372384,1.9108963988333008,0.684948806,1.440236618845173,-2.508543,5.705311,0.90265,1.1,0.5609752188190376,1.5052715245688422,0.30387826100000004,3.2169927256657,-7.330475,7.591762,0.5871627500000001,1.1,1.2581665992732982,5.261820973739648,0.5795902965,1.1387227608973376,-4.487152,5.073681,0.628319,4.4,0.26891086793193375,0.9836376486170708,-0.08535683399999994,5.468167080797785,-7.886295,11.632576,-0.8677765000000001,1.1,2.421118352293939,14.942850907936482,3.3106877130269012,9.045689372103489,1.4966340030127951,lifting,sam
1.1838333579999998,1.8372837421810315,-2.202221,7.087071,1.1071849999999999,1.0,0.6509389181581244,3.0875805755481966,-0.389904037,1.2843976916102078,-2.938248,3.225645,-0.729525,1.1,0.41334330940255043,0.9760390494708128,0.64763747,1.2619156210940443,-2.059851,5.108357,0.6825695,1.0,0.4286892395253599,1.2148555761212116,0.185727746,2.707241265499363,-6.110687,5.555,0.257416,1.0,1.1219075651564767,3.695409716193033,-0.035167108499999995,1.1453398613439727,-4.282608,3.1417275,0.03120875,0.5,0.19465009455828486,0.6564844823804156,0.08391700900000006,4.493324381832372,-6.880665,9.937744,0.014286,1.0,2.005149156989163,10.091932150905809,2.5756581304027955,7.990153078992354,1.3971257352091435,lifting,sam
1.3472296025000001,1.983645238847957,-2.927687,7.4382655,1.75911525,1.1,0.6373689303552699,3.7804844920248044,-0.5382993549999999,1.385890470671448,-3.352172,1.925326,-1.11289325,0.1,0.5071999963836586,1.2491563868455724,1.265400577,2.1077693677511746,-2.059607,4.979754,0.936945,0.2,0.663812522603927,3.820380808259977,0.6667450785000001,2.67134126488047,-5.803871,6.493473,0.97332,1.1,1.1506030738055266,4.00906481096366,-0.6840337975000002,1.9065000065321713,-5.573692,2.95908,-0.280113,0.1,0.7166767336578496,2.283464201078386,-0.5005593239999999,4.544219263263583,-9.170971,10.312653,-0.968747,1.1,1.9500301624172354,10.565257559996208,3.349810924093708,8.453692218313723,1.665985895780455,lifting,sam
1.3662023125,1.9627845820457492,-3.011509,7.610581,1.5516195,1.1,1.084767854936928,3.790917543531656,-0.730665398,1.28466874999521,-3.0872580000000003,2.5978145,-1.164084,1.1,0.6162659977419757,1.3582452855220004,0.7781796284999999,1.460530834991789,-2.038117,7.271933,0.74467375,1.1,0.7970056921405707,1.671151108115695,-0.04087496400000001,3.285116855392885,-8.526764,7.309513,-0.09893450000000001,1.1,1.8668901365995563,5.392397582556076,0.14315601900000002,1.244261726810423,-4.400768,3.323441,0.12229899999999999,1.1,0.3212524357198777,0.7938179220198313,0.34551532399999996,4.676286980855,-7.874546,9.130249,0.21669375000000002,1.1,2.8171850093951405,11.042469267139113,2.90793084036146,9.158848346291471,1.476642916877938,lifting,sam
0.2987282745,0.2584048347241586,-0.8236654999999999,0.941707,0.267158,0.1,0.08562909658340023,0.12259639672353577,0.07099463850000001,0.29235737281668017,-0.525738,0.761394,0.013859,1.6,0.07509143361127944,0.04773843752969876,0.960710278,1.0919615389933668,-0.980383,2.778601,1.1413205,0.2,0.2988264413180413,1.5185653957138818,0.8434916809999999,2.8545403258977435,-5.32135,5.804272,2.128086,0.4,0.7618627353958697,4.7825600801839965,0.33673799699999996,1.0966992658939454,-3.070297,2.586308,0.737,0.4,0.31296684776122385,0.7145524542875639,-0.20955507699999998,0.6924141205020174,-1.613455,2.265739,-0.17854199999999998,0.1,0.23163889057798595,0.283407960351968,1.3340328885663948,2.800443914365364,0.7625365840382289,lifting,sam
0.185054206,0.10996876294315269,-0.271737,0.480194,0.193439,0.1,0.030085114678884733,0.04028559430145652,0.442052457,0.27738531600926214,-0.153085,0.917592,0.49631175,0.5,0.12059192326615462,0.23384325597090605,0.8527137370000001,0.16778251561455168,0.506904,1.265184,0.8328385,0.5,0.04962509016039891,0.7411828548861312,-0.0130420235,0.3677526786248191,-1.209374,0.925388,-0.00988,0.5,0.13925455874425935,0.06774312542729966,-0.0329739685,0.39334710223701347,-0.875854,1.425133,-0.03458025,8.4,0.0624372781921677,0.07838396167764212,0.05257607,0.4297667057770408,-0.932198,1.306973,-0.031509,0.5,0.14670961265074337,0.09502203644577184,1.0305431958049565,1.2891750308263032,0.10880367262948219,rowing,sam
0.248563376,0.10578311649117836,-0.127993,0.649579,0.24688900000000003,0.1,0.02432322864166544,0.06737344003031938,0.39679244849999995,0.2938022027103465,-0.176009,0.828519,0.42179900000000004,0.6000000000000001,0.14645283646331678,0.20056266408486192,0.88940124,0.16116845194688337,0.0,1.396016,0.8610895000000001,0.6000000000000001,0.05487663317884,0.8040094470223637,0.003671977500000003,0.3276674946807451,-1.313782,0.94141,-0.008945,0.6000000000000001,0.09384195954681568,0.05364283328496217,0.013950030499999998,0.4233325454561274,-1.381874,1.718063,0.0045395,8.4,0.07667111941997447,0.0897263606865424,-0.015514993500000011,0.2875708246861447,-0.8475495,1.159973,0.005207,0.6000000000000001,0.06817217565013192,0.04154909939301382,1.0586584047006036,1.3976993589041242,0.11838632560610467,rowing,sam
0.2673769055,0.09097095494851401,-0.083823,0.525845,0.271035,0.1,0.01866369483841113,0.07562435334510122,0.3769792405,0.27246204141002234,-0.198232,0.8921034999999999,0.410932,0.5,0.11785070039601349,0.1791940250662386,0.8877205610000001,0.13198219909401787,0.464687,1.337926,0.874948,0.5,0.041093305763387364,0.7967487507612818,-0.012817321000000003,0.28492035722015535,-0.846214,0.8912755,-0.020027,0.5,0.07605231647374126,0.04071430371074388,-0.021380548000000006,0.3436876035783086,-1.4756010000000002,1.1582375,-0.02576825,8.3,0.0599667548485263,0.05945872562671126,0.011231845999999995,0.33935445437778744,-0.851288,1.131134,-0.01936,0.5,0.11363545197970537,0.05764930502814241,1.0444522913433008,1.3509725024222365,0.10301564962852845,rowing,sam
0.2990623745,0.0943613464854468,-0.006929,0.622015,0.30913,0.1,0.021964453279670927,0.0938859985299602,0.24803794499999998,0.28180819926397344,-0.211174,1.017654,0.18537275,0.6000000000000001,0.07543240194783278,0.10119129779924182,0.924068287,0.1269502374514503,0.5374140000000001,1.208804,0.928887,0.4,0.03047811913995609,0.8619527415594829,-0.0478232275,0.31945617294359685,-0.956898,0.930729,-0.034981,0.30000000000000004,0.09648868777934189,0.05326318665102521,-0.070137068,0.34003282025073706,-1.516056,1.696701,-0.142994,8.200000000000001,0.056534002474385114,0.0626739046934561,0.02796933200000001,0.36505704375450837,-0.742607,1.587086,0.036049,0.30000000000000004,0.0913420842910829,0.06734941782419389,1.0496530137540836,1.3713167259127266,0.08620416637288214,rowing,sam
2.2804402465000004,1.2495944667998036,-2.221269,7.440952,2.779211,0.1,0.41227776853114967,5.980421171283926,-1.2448178310000002,1.1521539460901185,-2.737636,3.671071,-1.759695,0.1,0.4316059438006399,2.2126761448086034,1.1008676415,0.9971490768763902,-2.408359,5.17768,1.26665,1.1,0.2732375673762676,1.7086017437680663,-3.918152611,3.3659825207354412,-6.739273,5.659409,-5.880642,0.1,1.604799822879166,21.011179229470237,-1.527580098,1.4282904117754758,-5.191307,2.83865,-2.21487,0.1,0.5482064306083028,3.352491034082034,4.650486202,4.327340486148307,-7.033005,9.101543,7.24369,0.1,2.0820987100409827,30.98064548351435,3.3062513279544565,8.517328237943927,0.9543950008702191,rowing,sam
0.014769929499999994,0.38636705669338994,-1.246503,1.046165,0.06293599999999999,1.5,0.13737270012693378,0.07478392337023199,0.2978323465,0.5920571908725073,-0.852543,1.664425,0.1566865,1.5,0.25137082947844575,0.2637953888447187,1.1403351769999999,0.47818664174156544,0.203787,2.691695,1.020401,1.5,0.14989213677199437,1.4145824932791713,0.06254956650000001,2.2131307467246573,-5.115738,4.646301,-0.077038,1.5,0.984392841626293,2.450548054162512,0.018500774000000005,1.3384023198544657,-4.407177,2.799263,0.01602175,1.5,0.4734107661078089,0.8951190666679493,0.06567771150000001,1.322501574443533,-2.700596,2.922964,0.190525,1.5,0.5071908867851954,0.8781801325254222,1.3351003779917479,3.1178006244715197,0.5786826747750974,running,sam
-0.021512228500000004,0.37316196109719296,-1.16207,0.875101,0.026252,1.5,0.12408518728031954,0.07001854194024779,0.22718606999999996,0.516742527498193,-0.565787,1.523963,0.033639,1.4000000000000001,0.22914765651832986,0.1849927561833313,1.105872874,0.41518126793126714,0.432697,2.589924,1.020157,1.4000000000000001,0.1112615948355449,1.3090566380610151,0.22746262450000002,2.1215936616011097,-4.174061,3.985872,-0.02697,1.4000000000000001,0.9064790807327817,2.3000776382868637,0.14130618,1.3052898684906211,-2.831707,3.215828,0.08711825000000001,1.4000000000000001,0.4963520549743389,0.8710063832482006,0.1719659115,1.519324543949326,-2.872028,2.689648,0.504818,1.4000000000000001,0.7069785583434676,1.1825924213121353,1.2626434514493325,2.904214187002398,0.5090100505606462,running,sam
-0.023330641500000002,0.3878728151221693,-1.3225265,0.950743,0.017903000000000002,1.4000000000000001,0.17590162043501534,0.07570204069022368,0.20632489450000002,0.45320879237541883,-0.691216,1.272205,0.117584,1.4000000000000001,0.2708988033186936,0.14518616788879363,1.0905848955,0.5068393800299835,0.192066,2.913065,0.98447325,2.8000000000000003,0.17759690010875004,1.317690108754833,0.024943700000000013,1.7753611524721682,-3.11409,4.02586,-0.383587,1.4000000000000001,1.0317083729379108,1.5750153041418695,0.0028416589999999964,1.2107181498650963,-3.358955,2.787647,0.057278,1.4000000000000001,0.5850647490131775,0.732195466965378,0.02995636299999999,1.5678226277277945,-3.304081,2.82917,0.27176849999999997,1.4000000000000001,0.9095108664740519,1.2287121430412289,1.2299224826554327,3.138795034054151,0.5763935887072278,running,sam
0.18572733199999997,0.3236490747610442,-0.945584,0.845552,0.279826,0.1,0.10966105806452078,0.08681672290801695,0.04966899849999997,0.4022490537836597,-0.594573,1.267596,-0.136967,0.1,0.1419259039628057,0.08328838133195798,0.8837064049999999,0.4353388794971365,0.35559,2.680248,0.659439,0.1,0.13260054020755963,0.8756024716477218,-0.8469137515000003,1.9090397691692889,-3.183384,3.366966,-1.300564,0.1,0.7290776179523689,2.537663505263521,0.16231084150000002,0.8379198549531798,-3.059616,2.118607,0.26289,1.4000000000000001,0.18976700581504358,0.377051262763727,-0.5346099849999998,1.4392659614151149,-2.498188,2.48724,-1.338081,0.1,0.5072062724736561,1.3205178690065222,1.0317512025951816,2.8783565309434826,0.45739941360839925,running,sam
0.12169347749999998,0.10617362058460089,-0.22024,0.449944,0.12808425,0.1,0.02247635888005062,0.020440152154175002,0.3062995165,0.28248998389215746,-0.1448885,0.825589,0.26199925,0.6000000000000001,0.11882968698416155,0.13367979640190142,0.937342495,0.1555090481120735,0.544969,1.311308,0.95987,0.6000000000000001,0.05303752176509155,0.8906903963690594,0.033626097,0.3194115972552394,-0.637398,0.988274,0.057678,0.6000000000000001,0.11136348533909217,0.05209196164499259,-0.012182488999999998,0.31122333846773104,-1.092148,1.174793,0.00721,9.3,0.05303090430248931,0.04854047896208677,0.02161499849999999,0.33017969119070306,-0.844879,1.008701,0.03871899999999995,0.6000000000000001,0.07892178690628768,0.05492333003339261,1.0454387507274947,1.313757054157655,0.0972016054180079,running,sam
0.9320674442125001,1.1090472515113097,-2.0683851,3.7399333,1.08117365,2.3000000000000003,0.49794835976807406,1.483131741772804,-0.7674444853018599,0.9195037625095662,-2.7517455,2.954801,-1.0084445,1.2000000000000002,0.3188470796393323,1.0112931644744578,1.13305901714,2.8176618053516846,-4.898717,7.98897,1.1177822,1.2000000000000002,1.2972412272232239,5.2494653040179315,0.09423435794319997,5.333217838213064,-9.59425,10.577131,0.3707951875,1.2000000000000002,2.3855567310457606,14.216415672691879,0.2401580118495,3.428491501903552,-6.663929,6.8343606,-0.07452556,1.2000000000000002,1.6840650574998146,5.9291131154543635,0.493291546587,3.35437649240427,-5.9101214,9.549046,0.33276883999999995,1.2000000000000002,1.4493662206642752,5.863659635109193,3.1422852897667455,8.755799631461391,1.6956232259586193,jumpingjacks,taylan
0.8235479954682401,1.0807548725799134,-1.8824136,3.2840343,0.9316885500000001,2.3000000000000003,0.5080198727857216,1.2616637363406737,-0.79392121667673,0.7653942918284179,-2.3583252,2.4464297,-0.9298581450000001,1.1,0.24299237606104626,0.9229369933606517,1.12816579148486,2.8511106350966107,-5.728512,7.98897,1.26214205,1.1,1.431342145620895,5.333124695047636,-0.028965395567949956,5.286891729869508,-10.414031,11.184332,0.14864387666666665,1.1,2.850472130296715,13.962499544366741,0.12988964991099997,3.8887073963956005,-7.3707,8.527068,-0.21899519,1.1,1.953086710601408,7.570364750103831,0.48199466875220004,2.856128431971728,-5.9443297,8.731708,0.204334425,1.1,0.9633592565933385,4.306980111112225,3.1440512918041015,8.282512309151356,1.6036277708676514,jumpingjacks,taylan
0.8722903572083334,1.08422527100519,-1.9236592,3.891737,1.0489580166666665,2.3000000000000003,0.41149204701112996,1.348080156686251,-0.8802401734175,0.7292884540172244,-2.4840147,1.1612244,-1.0117393749999999,1.1,0.2476718768516573,1.040487697737722,1.0630712299336667,2.770039309588147,-4.455021,7.98897,1.0426125000000002,1.1,1.5342083717410329,4.962858073821632,0.26836099191749996,5.322943641162921,-10.199617,10.790323,0.44211372000000004,1.1,2.9161156420168775,14.224746402221244,0.15384126193646666,3.5365568741612936,-8.685893,7.6101594,0.19578231000000001,1.1,1.8835699064997118,6.271030853047932,0.37042160363456667,3.0349445729266162,-5.525276,7.913759,0.12217305,1.1,1.3921798078685659,4.738052746714916,3.073540895330319,8.34855915089701,1.6102534866788611,jumpingjacks,taylan
0.6918684842330497,1.0754059182653388,-3.3086839,3.4944115,0.74998792,2.302302302302302,0.4219577502816801,1.0563521162227034,-0.7108040074422757,0.7955559259169775,-2.4334948,2.6341097,-0.8688438,1.101101101101101,0.3288873100118825,0.8213801812397905,1.0775698516828494,2.667022376839351,-7.1542945,7.98897,1.13913715,1.101101101101101,1.3845561220704417,4.714100900293184,0.17182372668068072,5.346939404329082,-12.022439,10.480615,0.4163046999999999,1.101101101101101,2.829209968693133,14.310094700147486,0.27884928570363693,3.6327136909453728,-8.304102,8.802568,-0.17898351,1.101101101101101,1.8179247178881384,6.669456395038923,0.4124527641511511,3.042454393860516,-6.191119,8.696278,0.1411098666666667,1.101101101101101,1.3095116691241455,4.7937487547498785,2.892624722882442,8.922190279940638,1.6352321386157593,jumpingjacks,taylan
0.62623560664336,1.110872702694896,-3.3260121,4.019867,0.7488896666666667,2.2,0.3754251196410792,1.0085799659020516,-0.8436716368889168,0.7218206118423703,-2.6036026,1.257383,-0.90386601,1.1,0.24878380937227376,0.9720396221048974,1.1808958268588334,2.5573780907082186,-3.8046086,7.98897,1.1451166,1.1,1.3654625738706914,4.661336212643188,0.215213937686875,5.790530314775582,-10.960144,11.836736,-0.018936823,1.1,3.087880247035578,16.794730595069947,0.45761988115191665,2.9409595444872725,-6.083607,7.4556103,-0.02321288175,1.1,1.2920427738813467,4.5297252091592135,0.5429856452384999,2.8960867343495855,-4.8618765,8.850826,-0.02748893525,1.1,1.3982728216476605,4.484302480939426,2.8664177276255494,8.78638202422335,1.6036332125199797,jumpingjacks,taylan
0.22578199611657002,0.40400723997539484,-0.6643238,1.34121665,0.27505252,1.0,0.18142613072935146,0.13250691024608205,0.011382952217685002,0.2870675401728069,-1.0255286,0.6667644,-0.0055523029,1.0,0.14227555134902556,0.04129228620666817,0.8381247448663,0.8906400195996748,-1.0765365,3.6774547,0.9830626,1.0,0.4369536812383216,1.0986798530108162,-0.027747944975650016,1.94648410090068,-5.2687125,3.930307,-0.1740966,1.0,0.966033530032535,1.8933601282220252,-0.017014281575249996,3.0698479880325698,-6.5979557,5.33041,-0.112399206,1.0,1.6311721369991805,4.707591814710417,0.227665810895075,0.6448918659109713,-1.8014416,3.3206635,0.19914207,2.0,0.1319409696598243,0.2595768727673099,1.2053704508772571,3.7727709054993683,0.5820751281014424,lifting,taylan
0.24703332925666666,0.4219329126319156,-0.70874226,1.2334653,0.3109289,0.9009009009009008,0.23853729854623035,0.14995005435048334,0.04316283191481481,0.27577732070318806,-0.67140144,0.6106312,0.017572122,0.9009009009009008,0.15276355734067193,0.03985153073608403,0.8124206476237739,0.8436748228070704,-1.0477377,2.7732227,0.93181056,0.9009009009009008,0.5084885652234846,1.0155646621515302,0.03458099463588591,2.0384907983776883,-4.5259004,4.524068,-0.09773844,0.9009009009009008,1.1581452250201658,2.076838410555555,-0.041519118538038004,2.9860178754902185,-6.2155538,6.4073653,-0.15393804,0.9009009009009008,1.9010916007005512,4.45541259958737,0.16095106766336337,0.6372392341664981,-3.0879238,1.7837266,0.18753563,1.8018018018018016,0.12132365165378053,0.2287389268015876,1.1669614768431913,2.957888815123254,0.5712655008624284,lifting,taylan
0.2881042100873,0.4149169501017005,-0.6399181,1.2610438,0.37377367250000004,0.9,0.16750617458672562,0.16899753347212423,0.07969445389731,0.26603259331512497,-0.51569295,0.6645679,0.07297312,0.9,0.10902176347674966,0.041702518912937386,0.812167116216735,0.8717556126991487,-1.1578076,2.685118,0.9165569499999999,0.9,0.3863941034457185,1.0392144325785337,-0.0523413841715,2.1792328906558898,-5.1324897,4.9254065,-0.35842519024999997,0.9,0.919384878828305,2.3748931664628277,-0.06848715275100001,3.076311218392894,-6.499606,6.469063,-0.2852740625,0.9,1.5095220713943411,4.7318087459730025,0.19227136330175,0.7269108385162477,-2.7727172,3.1129694,0.1881465,1.9000000000000001,0.25141762114023364,0.3009040321801402,1.1897641691280727,2.6930858095273678,0.5793547423539183,lifting,taylan
0.2831161474174333,0.41622854554581534,-0.5920829,1.4086984,0.32575540000000003,1.0,0.17915438072291576,0.1666912331391686,-0.0046063167090199955,0.3131819329400904,-0.6977597,0.72094506,-0.03605945749999995,1.0,0.1662500334578899,0.0490136386768118,0.8117045265278066,1.033544338873523,-1.2288283,3.355299,0.980500025,1.0,0.616852682376463,1.1924388713852205,0.033489264223266674,2.4337629709668254,-5.4373116,5.321858,-0.26450464,1.0,1.3875979252500377,2.9597665047503297,-0.02441425215600001,3.3598002587769744,-7.594277,6.6706486,-0.322384125,1.0,2.0687587921815505,5.639083717038127,0.15060928404075832,0.7033516879356057,-2.2290473,2.6615398,0.16905695250000002,2.0,0.16339753704199073,0.2697880259400941,1.2675210147403524,3.4944766695205396,0.6863710910091744,lifting,taylan
0.31339330114976,0.42060424526187,-0.7941623,1.2681215,0.41758195,1.0,0.19864883037803777,0.1865817603837161,0.13763748770613501,0.24642094032348483,-0.673598,0.67555046,0.14130914,1.0,0.10927512655815699,0.049275391892298875,0.79885867866165,1.0068801734808888,-1.2732466,3.304047,0.994533275,1.0,0.6455160564772983,1.1445731579519294,0.035519066555249994,2.1840816349993752,-5.797722,5.5936933,0.02321288,1.0,1.3486608370896083,2.3839843266499168,-0.07197657339099997,3.289508195427091,-7.2503595,5.634621,-0.04138612,1.0,2.1926280259095323,5.410202444046835,0.2160059203577,0.6463280209952563,-1.750129,2.1630738,0.126449105,2.0,0.2067928099479639,0.25532657915975915,1.2628944376831168,3.343292717927325,0.6411168017917114,lifting,taylan
0.03212458323354999,0.5396987695943385,-1.0174747,1.4213893,0.044357403625,0.6000000000000001,0.24471977506180476,0.14652374920389,0.6179937081501,0.34706863023298884,-0.028798755,1.4994878,0.53863436,0.6000000000000001,0.16639247453223874,0.4420856296694206,-0.5955921202395,0.44633108552464706,-1.7171869,1.002099,-0.610814255,1.3,0.11886566201215448,0.4542362207457831,0.171101982213975,1.5328017146432398,-2.687807,6.500828,-0.036651915,1.3,0.41385678424775735,1.2028446659475067,-0.07812202878394997,0.8963048633915301,-3.345098,2.8209758,-0.025809058000000003,0.6000000000000001,0.35926631512777557,0.4073833359379542,0.06697068280369999,1.2282668874804257,-3.109915,3.9810088,0.08659014605,1.3,0.5299543280013376,0.7580523897062991,1.1137964895491586,2.114100345723157,0.3279863287049753,rowing,taylan
-0.030269444109000003,0.5375069395170796,-1.2503053,1.3035098,-0.00903011849999995,0.7000000000000001,0.3113974352792057,0.14523280324676535,0.5119005568487599,0.34393814417691426,-0.3338703,1.4094306,0.49775477,0.7000000000000001,0.19419835360180548,0.3211297595155346,-0.6063227667194999,0.6320962381762163,-2.6777961,2.370528,-0.64650765,0.7000000000000001,0.21071596160003314,0.5672003564320179,0.158755018094,2.298392961567052,-7.6944585,10.918606,-0.2000583625,0.7000000000000001,0.6938660169142912,2.663873187919967,-0.11605890078800002,1.0098239628912729,-5.126381,2.424524,-0.065668012,0.7000000000000001,0.2972240169694207,0.5228334593124141,0.04454062937499999,1.2945054289158304,-2.8600712,4.1215076,-0.07147124,1.4000000000000001,0.5252386751149555,0.8390196267467434,1.1365247492923798,3.017158304114675,0.3807732367812972,rowing,taylan
-0.02409540485625001,0.5765452140851014,-1.6571487,1.1622007,-0.025564994,0.7000000000000001,0.365217990390577,0.16661673727380139,0.518842889216745,0.3907106634763093,-0.28335047,1.6151708,0.46541715,0.7000000000000001,0.23469395954148398,0.34544908374027605,-0.6137391802825,0.5599572246330513,-2.1245184,1.1438963,-0.5614536999999999,0.7000000000000001,0.2361268670359654,0.5332952406787679,0.148886798202625,1.9365806687234581,-4.9974885,7.274794,-0.078496186,0.7000000000000001,0.7298903180927441,1.8954684130324237,-0.1109462628296,1.1301773800482149,-4.456873,2.1520782,0.03359759,0.7000000000000001,0.36550542248186957,0.6503288423554611,0.013699566235750004,1.4975956067365617,-3.331659,4.546059,-0.26878071,1.4000000000000001,0.7823873681438891,1.1204643714433555,1.1306418728529177,2.2729891947753798,0.4075316424383041,rowing,taylan
0.11401634762118999,0.5164319682378282,-0.8932495,1.5668476,-0.0021965152,0.7000000000000001,0.3090773315412281,0.1462180997548952,0.789052089842,0.3662375189044552,0.09152147,2.0905943,0.6739640849999999,0.7000000000000001,0.20339897409484448,0.6896011153677987,-0.41065517821118497,0.4157049465164585,-1.6639824,0.77951884,-0.381339445,0.7000000000000001,0.1661831775525938,0.2549571831744518,0.10737611013445834,1.388077244508127,-4.966945,4.1453314,0.0075849121666666,0.7000000000000001,0.5310723127344718,0.9739454689481054,-0.06804763860151665,0.903035898573774,-3.032335,1.7519615,0.1125519225,1.4000000000000001,0.2941355401413502,0.41196419632823833,0.04002109367913331,1.523783075072312,-3.1221323,4.131282,0.00397062374999995,1.4000000000000001,0.8878778550317361,1.161408493543286,1.123963261043154,2.0972899524116673,0.33783158457173273,rowing,taylan
0.1536513254327,0.5830809836141836,-1.1497537,1.8714309,0.059305912,0.8,0.3412974931530951,0.19343114085010574,0.7919083774996667,0.3848024350782806,-0.21208574,1.7711234,0.71954177,0.8,0.2065332886111789,0.7010813453409724,-0.354910895498615,0.5166647529252688,-2.0195737,1.0726316,-0.30934256,0.8,0.24364614741621837,0.2592995334911583,0.08283423849220002,1.7688886179649488,-3.8221838,8.068308,-0.0503963792499999,0.8,0.6366716186354593,1.569786772223569,-0.13194536679600002,1.0697182193577766,-4.646241,2.574797,0.01740966149999995,0.8,0.3179207285240944,0.5889861288674476,-0.0006423274160249939,1.5210682912504843,-3.6792414,4.0543127,-0.03604105,1.6,0.7550600897215775,1.1556681861325986,1.1630614080399164,2.655698551893993,0.4223739200721922,rowing,taylan
1.0181118981783799,1.0825225672822816,-1.2244352,4.7427645,1.0393178,1.3,0.43450074852776793,1.621897684961206,0.4939790689725,1.0724247587373563,-1.4094306,3.7794704,0.30186830249999996,1.3,0.4755416052584693,0.8185067061376288,0.034185039698949996,0.5735787361652148,-1.46605185,2.5320938,-0.033313809,4.0,0.12954628342132912,0.16550383959899018,0.08918968904376248,1.8632095229106962,-6.368881,6.3132925,0.1087340099999999,4.0,0.5075702800308536,1.7420551748699347,0.018887498467900003,1.464784934974575,-5.390275,3.5717292,0.08246680875000001,1.4000000000000001,0.4381745931909216,1.072114651659261,0.15111080159639997,4.45264234478089,-8.586322,9.901515,0.33628133,1.3,2.446477014284528,9.925935218994113,1.6862956120138008,5.271172425848191,1.0428432295938952,running,taylan
0.9785331161406405,1.1156905083101165,-3.1019676,3.8809981,1.2117443,1.3013013013013013,0.5881544336690454,1.5792867088897284,0.5269668680395396,1.402175830994962,-2.4361794,3.918827,-0.12422514,1.3013013013013013,0.8045197810772795,1.2597585779615308,0.10588884272912913,0.49163244139765255,-0.95328766,3.5505447,0.016839951,2.6026026026026026,0.10688552493150846,0.13194270353090415,0.17377373700823326,1.7239614796302238,-4.759862,10.9179945,-0.062308256,1.3013013013013013,0.500114553895991,1.5147313941974971,0.17021799838413412,1.13566906076239,-7.461719,4.8533244,0.1600467,1.3013013013013013,0.3044052251609654,0.6732007571349539,0.08463297200150152,5.19320377376177,-8.135504,11.420126,-0.106901415,1.3013013013013013,3.4731196981492998,13.478347276957743,1.8610554093503813,4.668858252864459,1.1105177359268592,running,taylan
0.9536089079545,1.0717302378970877,-1.1768441,3.627179,1.112901,1.3,0.5813485919221808,1.4830986234767045,0.47432501640395003,1.1679338195546285,-1.3420708,3.4470644,0.029652956,1.3,0.6589753124733357,0.906337475438291,0.168262342055055,0.48482915119942244,-0.85493255,2.953825,0.082247292,1.5,0.09955309442635019,0.14572438820408726,0.1924222480235,1.9229288626077778,-4.8386636,8.81051,0.2715296,1.3,0.6433963471407491,1.8840094505821727,0.01914085340344998,1.279087319607207,-6.8038173,4.341419,0.13103059999999994,1.3,0.27658331370835654,0.8175812541825342,0.11671099503400004,4.706002329005489,-7.9943933,9.99009,0.27122416000000005,1.3,3.0122920882000828,11.07582384470207,1.683419775987989,4.430370528124741,1.0367380339091286,running,taylan
0.7511916739669,0.810647336141273,-1.4140676,3.0731688,0.88714805,1.4000000000000001,0.28684637934349516,0.8925355550850371,0.73028859209595,1.307606604323434,-1.022844,3.8524435,0.17328064,1.3,0.5443397899926402,1.3873889943797275,0.10839466911248999,0.5123714369535535,-1.0121055,2.719774,0.03819496,0.2,0.1281702190588148,0.14288088293878806,0.15362191997695,1.7025132211218552,-4.785518,7.845342,0.012217305000000001,4.1000000000000005,0.3562735810239659,1.4714294561624863,0.05529552230020001,0.8894072608402798,-3.4428365,2.081218,0.13927728,1.4000000000000001,0.2196808946473646,0.39820571940543414,0.14034781653050005,4.588063536170942,-7.429343,9.731694,0.32559118,1.3,2.1154057514298943,10.534369224116903,1.6196460861780415,4.098054627763554,1.0555091350535066,running,taylan
0.6835534049197001,0.6933627533336857,-1.0767806,2.6272762,0.79147765,1.4000000000000001,0.3355775565858765,0.7073823503283271,0.78553211280165,1.2355374857261932,-0.7856203,3.7274864,0.26565631349999996,1.4000000000000001,0.7654405314203858,1.379578043818249,0.17903691865747004,0.4701969666688144,-0.8463905,2.2558212,0.115439075,1.5,0.12494133785288665,0.1424862737515263,0.14839459350564999,1.7118808717034653,-5.5713965000000005,4.605924,0.050701816,1.4000000000000001,0.6782838299381293,1.485833520670635,0.17675920421175,1.1027105918032727,-5.3511796,2.932764,0.17531833,1.4000000000000001,0.4160835470031728,0.6386211754658112,0.044974038101,4.271565452116405,-7.38475,7.560679,0.22327125,1.4000000000000001,2.854867821622478,9.11603756467737,1.4991254195569659,4.301209637285029,1.047015270716422,running,taylan
1.2104592799783036,1.2610179616468025,-2.9618788,4.248365525,1.5463467,0.8991008991008991,0.48632159267200714,2.259500529422584,-1.0537774936587914,0.9743803514100485,-4.2475112500000005,1.8272566,-1.07980686,1.6983016983016983,0.395427926425106,1.5846813064484824,0.48051828847397354,2.333860690933669,-4.41314064,7.1298885,0.460536,0.8991008991008991,1.278164499386362,2.9516299557704353,-0.1969343812340013,4.421305230562476,-8.7974865,7.498928999999999,-0.0311589849999999,0.8991008991008991,2.4055502195358,9.802988915646438,0.18046170943815742,3.096548273697783,-5.931303500000001,6.94307426,-0.2727077,0.8991008991008991,1.5115357043946376,4.822082518154121,0.14686680276960798,2.417406286033179,-5.57253135,6.466155,-0.25885928,0.8991008991008991,0.9589477650441302,2.940577426063823,3.0645917793502884,7.6268035465606765,1.1855525762404677,jumpingjacks,thomaslu
0.8907894790354773,1.2812397218652867,-3.3176793142857144,4.9313859142857135,1.091240915,0.8991008991008991,0.6007088832165877,1.613473540758218,-0.4347089927844112,1.053764350096866,-2.930430285714286,2.1761772,-0.5192492142857142,1.7982017982017982,0.4383512109172138,0.7436269061774026,0.3527164767686892,2.134029872287567,-4.274663,6.477035066666667,-0.02660224,0.8991008991008991,1.2435618726636488,2.399175893911035,0.12552436199065417,3.5202383306871194,-8.898154,7.759462471428571,0.5225122,0.8991008991008991,1.7989628781411893,6.205605468769264,0.0783566581861143,2.5601838161576866,-6.069344,8.1669159375,-0.06018744,0.8991008991008991,1.2545544902921464,3.2801363555502947,-0.18861448592985192,2.745557405738206,-6.783071500000001,7.689079,-0.20692761,0.8991008991008991,1.4682528214268233,3.800852880947892,2.6125807134483185,6.837839616486763,1.2576438558030631,jumpingjacks,thomaslu
1.3588906430201189,2.7548510565082576,-5.430273775,7.997023600000001,1.42890632,0.8991008991008991,1.1530940646012575,5.63739514009955,-1.0510588468070972,0.9708894127071492,-4.117734,3.641822,-1.195514425,1.6983016983016983,0.3966775299343331,1.5755669830213115,-0.34783644573693806,1.27190523226535,-4.928492085714285,7.997023600000001,-0.633877675,1.6983016983016983,0.29256610872721117,0.9290535895183574,0.2666513579657671,3.2215352457489006,-15.00425,11.049988,0.2860235,1.6983016983016983,1.1641361897891127,5.25506365579711,0.45440169999750407,2.6602137865839195,-5.572931,11.857991,0.160002714,0.7992007992007992,1.0779769236007475,3.741314766264896,0.29316798043543973,5.150180379071239,-10.964234,11.446799,-0.044208475,0.7992007992007992,2.2486454792903694,13.33487750319933,3.1943874151940825,10.10969402953695,1.7389242033349825,jumpingjacks,thomaslu
1.3032224673877135,2.443666678218029,-4.6667232571428565,7.997023600000001,1.5414655,0.7992007992007992,1.247829438648709,4.681159445974218,-1.572747089318619,0.8958425911687768,-4.7847424,1.6761851,-1.6026890857142857,0.0999000999000999,0.25540109240727926,2.874399514928216,0.1188219543520321,1.406743780799955,-3.208097642857143,7.1720187625,-0.28579104,1.6983016983016983,0.4813976074095572,1.0025942136888593,0.45427134704817884,4.002055243744562,-13.61621,11.340805,1.0643767222222222,1.6983016983016983,1.5973536484942135,8.20658532087651,0.5723994445722103,2.7317677821453548,-7.6517945,10.143447999999998,0.25433189,0.7992007992007992,0.5713057411493021,4.055191181872524,0.3361347181161285,5.425223406378155,-12.019379,11.235344,-0.37923415,0.7992007992007992,2.965377362608353,14.814809230597831,3.287288647131071,9.331020203524638,1.4581230521330277,jumpingjacks,thomaslu
1.4469127737955763,2.7445758511075664,-5.4002547,7.997023600000001,1.4265145499999998,0.8991008991008991,1.5824759276226306,5.856142290498692,-1.2212390470838568,0.9535220492712542,-3.478129457142857,3.1897237,-1.4863087,1.7982017982017982,0.30053548015800746,1.9455728113442907,-0.37509052971448553,1.1881463291938388,-3.59345805,4.3059019875,-0.6696930499999999,1.7982017982017982,0.27322030401619035,0.8458336145608109,0.24688453102822716,3.0888628306469723,-9.792798,7.418768,0.40426785,1.6983016983016983,0.9728948823828408,4.826722993914986,0.4451854126704169,2.502040906887622,-6.412359,7.9559274,0.279365595,0.8991008991008991,0.8173664736673912,3.3251674241515494,0.014128562006547427,5.394195247065285,-9.863283,10.589261000000002,-0.0053263223,0.8991008991008991,2.9863738920000356,14.534336660950544,3.331287029756891,9.216993197740562,1.577341845651979,jumpingjacks,thomaslu
-0.3158661117866996,0.30680811155234416,-1.040416,0.581393182,-0.3174371333333333,0.3996003996003996,0.17227741100334137,0.14678999064233855,0.3182114803208403,0.11868977240924716,0.0,0.67628264,0.3132300371428571,0.3996003996003996,0.041585942231716945,0.10829514065081715,0.7962448584442017,0.3648962535722997,-0.44930939,1.8669835666666663,0.85694600125,0.3996003996003996,0.17622061665638605,0.7005140044045711,-0.005295995996013589,0.5845565535103718,-2.0527647,1.98458775,0.010652645,0.3996003996003996,0.17961581082241976,0.17071054719992557,0.05757319798359003,1.1226660394960633,-4.4194779142857135,3.1606395,-0.1652681635714285,0.3996003996003996,0.5702303625307642,0.6328746312867849,0.004987225941977466,0.3921891914215029,-1.897236,1.3859091,0.0040613187499999,0.2997002997002997,0.05946778439504487,0.0768542240049401,1.019159667231452,1.9461221842048837,0.201870784035361,lifting,thomaslu
0.025190876286686478,0.3255700262541245,-0.60899258,1.0260166,-0.01500952035,0.4995004995004995,0.17299805122395662,0.05357955626962527,0.2101561912941725,0.5224708272541937,-0.90179155,1.061954075,0.2246140266666666,0.4995004995004995,0.3198672526641292,0.18051715587397882,0.6096446590181644,0.6033662001730395,-0.8140529449999999,1.6183436,0.8219542774999999,0.4995004995004995,0.37382796662427265,0.5535101524827867,0.107657411367676,2.0583363072224237,-3.875812642857143,4.091681,0.0583232274999999,0.4995004995004995,1.2981309205987936,2.127848037118514,0.03993331186248157,1.298861002087654,-3.623497,3.1416423666666664,0.0341772380499999,0.4995004995004995,0.7066922707334214,0.8442719434942807,0.028829528021178476,0.4993257362739898,-1.5068166,1.778459,-0.0035508815166666,0.999000999000999,0.17447054838724826,0.12536969858180902,1.0403356083572342,1.9451259814540314,0.27872059138514627,lifting,thomaslu
-0.21103059630011178,0.3446974419684122,-1.0366505857142856,0.5249366275,-0.20598431,0.3996003996003996,0.20669081576536763,0.10388272701012882,0.2898748148593159,0.11063551955449148,-0.0963415975,0.64260274,0.29018408,0.3996003996003996,0.043419567803028726,0.09014140338817035,0.8249805230288607,0.38923167326230357,-0.79831123,1.5585496,0.8847075,0.3996003996003996,0.18499266835663683,0.7562678361394966,-0.014242842193478825,0.722200831175077,-2.748915,1.6106798999999998,0.08575379,0.3996003996003996,0.22261867304250402,0.2607293523349531,-0.0247264603991124,1.3921450589988007,-5.366802657142857,3.126906233333333,-0.290284555,0.3996003996003996,0.7269095992702275,0.9686772646244753,-0.022830419540485786,0.43440520628770707,-2.2866661857142856,1.6373115,-0.000798945,0.3996003996003996,0.08256738562066415,0.09478090999938425,1.023009564231625,1.6255052915084383,0.21451952988544415,lifting,thomaslu
-0.14689246835272254,0.3325121624413735,-1.1816554142857143,0.84761083,-0.129740828,0.5994005994005994,0.11388217657779343,0.0768043394023312,0.2860299967474998,0.12972714105991917,-0.1284147866666666,0.7241178,0.2933568185714286,1.098901098901099,0.03212479104948782,0.09021931844376038,0.8754718598141183,0.474586558058847,-0.5599893499999999,1.940255,0.94364735,0.5994005994005994,0.19585790926710395,0.8789546741746148,0.0126039905551063,0.938758380938385,-3.3273535,2.7943217125,0.0848882575,0.5994005994005994,0.2350762638496183,0.4403523160135066,0.0097844425172956,1.6221654675149053,-6.442187,3.5464936714285717,-0.0496013775,0.5994005994005994,0.656650762659471,1.3144917413083064,-0.0019247148004412195,0.5768210462391588,-1.4098775,2.2872749142857143,-0.06178534,0.5994005994005994,0.09604827579670454,0.1661987691546543,1.0596825818806448,2.0111954626758237,0.3170340388473551,lifting,thomaslu
-0.11951611112073494,0.34868730193553643,-1.04066,0.6970275,-0.08786060600000001,0.5,0.15361178131603784,0.07501477812345471,0.2642582913704522,0.12833997260621852,-0.14252943,0.60819066,0.2585786525,0.1,0.04368880411365869,0.07805980809061774,0.8654018480802742,0.39767754905094266,-0.65846646,1.6544641,0.9296140500000001,0.5,0.15934095091960673,0.8279162163895821,-0.019957449605279804,0.6676602334167084,-2.2700787,2.340030916666666,-0.00124280791666665,0.5,0.2239908590197501,0.2230734332623503,0.04084577562335636,1.5104061112077032,-3.6677055,3.6655751,-0.4902974658035715,0.5,0.6473467539824862,1.1412036434654038,-0.00922413562182017,0.42727806868755674,-2.150769,1.4663365,0.0030182498833333,0.4,0.08616483453731308,0.09128041356025053,1.036298463615596,1.691225282272862,0.23947334822852112,lifting,thomaslu
0.7103836458179087,0.22387454840926685,0.0,1.3655002999999997,0.6707564528571428,0.5,0.09124860448022194,0.5296805801434321,0.6719795634856112,0.16343674136468886,0.0,1.0460293,0.6575105716666667,0.5,0.08972223812921848,0.46489919563147164,0.1288750423968202,0.17105334264663224,-0.4251477266666666,0.79635879375,0.1101918475,0.5,0.062194528012560264,0.03122378318500602,-0.003325125961815715,0.5234080057978745,-2.3695476500000003,1.9172477428571428,-0.00452737395,0.5,0.16391869096685607,0.1368520488775969,-0.04158062983022184,0.496661539431633,-2.28854315,1.2137927142857143,0.0023968450499999997,0.5,0.1272894326095083,0.1249430410726183,0.009246784390422223,0.39503858390197116,-1.2153145571428572,1.911617,-0.02640967966666665,1.0,0.08686677012365325,0.07803545605661114,1.0293085281770773,1.6050749874501473,0.15736802093695307,rowing,thomaslu
-0.051271714857094364,0.3900713226487377,-1.2956456444444444,1.4499441,-0.1032652684761904,0.5,0.13237929401596207,0.0786305609197623,0.23755060629017827,0.28502532816504633,-0.3565327571428571,1.2312689,0.1894833395833333,0.5,0.1300149131141786,0.09700939845871932,0.9122489618241634,0.284632305625302,-0.0788793024,1.8558655777777775,0.903743985,0.5,0.05665551675712028,0.8726654865580613,-0.08382875640314064,0.9040965721809897,-3.442638777777778,2.893791,-0.1413758064285714,0.5,0.30885725747772946,0.41532213803513074,0.06964757881678156,1.011405488524298,-2.3121564,7.483127766666667,0.081292991375,0.5,0.2647801729367274,0.5158099323268013,0.1495567895817587,0.8339812209322282,-2.3634889625,3.5574505000000003,0.20086893499999997,0.9,0.26262103533536274,0.3697860485486618,1.0700834656135985,1.9488237656583431,0.24807862084577798,rowing,thomaslu
-0.14266462055236923,0.36319913147824956,-1.21019855,0.7729781,-0.20866895,0.4995004995004995,0.150014543039827,0.08624410759698925,0.29495098896210337,0.2651754639523078,-0.307512135,0.9772400642857144,0.27602875,0.4995004995004995,0.1263983778739306,0.12211997534143196,0.8772266219536496,0.23166249476591655,0.2732627666666666,1.582118542857143,0.8468786,0.2997002997002997,0.03788635669673948,0.7963334950560034,-0.12555228051523215,1.0049076222417128,-5.4130747875,3.538142775,-0.1187769888888888,0.4995004995004995,0.31352473009015713,0.5201786245129514,0.08719464192267455,0.8095886390156674,-1.9686087,2.5747442,0.14712486,0.4995004995004995,0.27508551951162097,0.3349923982989247,0.16654447800532166,0.8347524556256245,-1.9813919,4.636031,0.2037318333333333,0.8991008991008991,0.2711777235140934,0.37579483646725687,1.0425368585437076,1.9074069608533577,0.21373316233995326,rowing,thomaslu
-0.09910089485438574,0.4031743197223862,-1.223703,1.1287647,-0.142285375,0.4995004995004995,0.1930320852212107,0.09101455983027511,0.28904462984006285,0.2334218281201379,-0.2286545144444444,1.22521622,0.2410472133333333,0.4995004995004995,0.09474439646007163,0.11076245730159033,0.8864709068195376,0.2488876769625115,0.16606353,1.7228,0.8786060625000001,0.4995004995004995,0.07039851141331692,0.8167722649130756,-0.04478926402731625,0.9215427684066617,-3.3214946,2.695423471428572,-0.023435818,0.4995004995004995,0.23409807883611794,0.42620241883275506,0.0771898299286283,0.81730014507563,-2.2799854,4.192881,0.1543872542857143,0.4995004995004995,0.33569364984918704,0.3396143773072705,0.10661768369462203,0.701178311313987,-2.612561,2.59530386,0.1596374871428571,0.8991008991008991,0.23761160468556,0.25694726267277723,1.0501326014825536,1.7695920298452075,0.2348973200889051,rowing,thomaslu
-0.039847240640280994,0.46910485049015904,-0.9169231,4.5124091,-0.08493192,0.5,0.1987650541344705,0.11151122315552969,0.21178466801828122,0.25448074958269074,-0.4722507599999999,2.1202997285714287,0.19866260000000002,0.6000000000000001,0.05815718346716092,0.07720152210935853,0.9138836170585872,0.3195284116234973,-0.0422219,2.3641827,0.91772852,0.5,0.06646987870801313,0.8861839445732977,-0.07107732750357101,1.2522263118413988,-6.6339345,3.44080415,-0.0747904433333333,0.7000000000000001,0.24568663756508527,0.7883033620557517,0.03766919681484606,0.9841665650170217,-2.83733185,4.0282974,0.1085682,0.5,0.3971215434385208,0.4852334339901004,0.15505048179907796,0.8549349609090754,-2.6949668142857144,4.147962283333333,0.18926198916666664,1.1,0.21981859397847647,0.3891355576155297,1.0811059146114583,4.98599553684944,0.31738836800214215,rowing,thomaslu
0.9972716158661122,1.3146210164142293,-1.7823502,5.793430933333333,0.6616392,2.5974025974025974,0.3664316673099639,1.8578016332537561,0.3966532236667912,1.1314884641261782,-2.2931968,3.21076822,0.2796896,1.3986013986013988,0.4870415685033241,0.7968273584919194,0.48956731953015,0.6833740098436364,-1.0833701,2.8263049,0.42002252,0.0999000999000999,0.17897192749991192,0.4729429122649082,0.3881225358387467,2.777562710184606,-8.091961799999998,8.40626875,0.43010051,1.3986013986013988,0.9999377067434503,4.004212833599151,0.21579755233000741,1.4362447639209635,-3.9116511,7.80316878,0.2213086994999999,1.3986013986013988,0.30584138188153875,1.0769377253950112,0.13516019551383493,3.6991836605046995,-11.5229655,8.87898,0.5363607,1.3986013986013988,1.6731682396034406,6.853413010791469,1.9098496145533113,6.240559151519929,1.1099153175495682,running,thomaslu
1.0603168160664072,1.3424200900268464,-1.0612829,6.41153036,0.7473486417142857,2.6,0.47749485065093145,2.0244344260428218,0.06175688559463512,0.877925042091786,-2.1555138,2.160346,0.0958738241666666,1.4000000000000001,0.26551711430300273,0.3888047312801545,0.24206337874036693,0.7238127611898691,-1.61478036,4.567217442857142,0.21376364625,1.3,0.17086775290345252,0.3202853986998091,0.691567605166222,2.246910820530896,-9.1780525,6.949785,0.955941685,1.3,0.5081205825350388,3.0000458578307683,0.17649467932423593,1.8824854997956617,-7.115967,7.807145766666667,0.14028201374999993,3.8000000000000003,0.34565814845996673,1.8013580887925305,0.0528796509051152,3.4190492824625243,-6.854088966666667,10.3248095,-0.19991463166666668,1.3,1.1557058850687998,5.841903144130051,1.7453701705004911,6.581199905913037,1.1114183745642825,running,thomaslu
0.9073015486279606,1.0988128878446142,-1.6374614333333335,5.532442175,0.6331542428571428,2.6973026973026974,0.41465279582396947,1.4262878895999487,0.5478938871612539,0.9624916887203147,-2.17979725,3.1439455,0.7158199,1.3986013986013988,0.39092362643513384,0.7629201046234755,0.2671640058636729,0.6179772620796976,-1.6956400857142857,2.860107,0.224776728,0.0999000999000999,0.17634186413294764,0.26213379706185147,0.36420055252815514,1.9407956403376838,-5.833033,4.92764715,0.5762414775,1.3986013986013988,0.6746256038263782,2.014104438842313,0.2618738362956956,1.6142850748734066,-5.789864571428572,8.9387225,0.3495842666666666,1.2987012987012987,0.31969019241756813,1.3702344011207601,0.021602520194790153,3.1537848987848744,-8.904013,8.555519357142856,-0.2545981966666666,1.3986013986013988,1.3341549605939946,4.968678051398007,1.6540594152565382,5.608024736705658,0.9882789252079,running,thomaslu
0.9476504094312943,1.2860616686369373,-2.0703375,7.795106866666667,0.67091334,2.897102897102897,0.3692321461502888,1.7241924551072996,0.2451552672705007,0.9224591307613725,-2.427068033333333,2.32034998,0.2607507699999999,1.3986013986013988,0.36760904103282316,0.48514148864940504,0.4205849201250954,0.766481284692192,-1.9146291333333332,3.0396842800000003,0.4131889,0.0999000999000999,0.18908499408550045,0.4703450016017643,0.5955123021879589,2.097777260784443,-6.549245999999999,5.903695514285714,0.7030745000000002,1.3986013986013988,0.46329467472167535,2.5527714834079935,0.28608751431627855,1.8405474511871436,-10.6583968,5.546831942857144,0.38935417,0.2997002997002997,0.3758816395820546,1.7739614105387211,0.11362002991586795,3.0351525455657393,-6.4789386,8.867261,-0.161520725,1.3986013986013988,1.20035343871133,4.614383524611765,1.7588140382157247,8.040467578285348,1.065953832243414,running,thomaslu
1.3195867335801628,1.4635281506981974,-1.1305952,5.814768857142857,1.0323621,2.997002997002997,0.5009886029100813,2.8111965839472997,-0.09698080042160341,1.0353938207903306,-2.2023726,2.0300071,-0.0590076215555555,1.4985014985014986,0.48512371816726385,0.5448899730184464,0.20674086642836628,0.8852402101810386,-1.5385368499999998,2.2519162,0.36559775,1.4985014985014986,0.3357763991777039,0.4341754670310567,0.04459855159340591,2.347984222566789,-6.303169571428571,5.5649414,-0.0900148449999999,1.4985014985014986,0.9522493672183725,2.7557502243219965,0.04345828486820682,2.176389690192762,-9.751964,5.822202700000001,0.16618125,1.3986013986013988,0.5604295548566253,2.367858694240643,0.190064987651108,3.3289424326853023,-6.6158247,7.990815124999999,-0.01438107,1.4985014985014986,1.4764480564814595,5.571518166130583,2.1690234103950123,5.8383216300984495,1.0436865591172462,running,thomaslu
